Product Name,Category,Subcategory,Vendor,Capabilities,Description,Modality,Deployment,Pricing Tier,Compliance
VisionPro Detect,Computer Vision,Object Detection,VisionTech,"object detection, image classification, segmentation","Real-time object detection for retail, manufacturing, and safety monitoring.",vision,cloud,Pro,"ISO27001, SOC2"
VisionLite Classify,Computer Vision,Image Classification,VisionTech,"image classification, transfer learning","Lightweight image classification for mobile and edge devices.",vision,edge,Basic,"ISO27001"
OCRMax,Document AI,Optical Character Recognition,DocAI,"ocr, document parsing, handwriting","High-accuracy OCR for receipts, invoices, forms, and handwriting.",text,cloud,Enterprise,"ISO27001, SOC2, HIPAA"
DocQA Answer,Document AI,Question Answering,DocAI,"retrieval, question answering, citations","Ask questions over large document sets with grounded citations.",text,cloud,Pro,"ISO27001, SOC2"
ChatFlow CX,Conversational AI,Chatbot,ConverseAI,"chatbot, intent detection, entity extraction","Omnichannel chatbot with multi-language support and analytics.",text,cloud,Pro,"ISO27001, SOC2"
SpeechScribe,Speech,Speech to Text,AudioLabs,"speech recognition, diarization, punctuation","Accurate call transcription with speaker diarization and real-time punctuation.",audio,cloud,Pro,"ISO27001, SOC2"
VoiceCast,Speech,Text to Speech,AudioLabs,"tts, neural voices, ssml","Natural neural TTS with SSML support and 40+ voices.",audio,cloud,Basic,"ISO27001"
RecoSense,Recommendations,Collaborative Filtering,MarketML,"recommendation, personalization, ranking","Personalized product recommendations using user-item interactions.",text,cloud,Enterprise,"ISO27001, SOC2"
ForecastX,Time Series,Forecasting,Predictify,"forecasting, seasonality, exogenous","Demand and revenue forecasting with automatic seasonality detection.",numeric,cloud,Pro,"ISO27001"
AnomAlert,Monitoring,Anomaly Detection,SafeOps,"anomaly detection, time series, thresholds","Detect anomalies in streams and trigger alerts with root-cause hints.",numeric,hybrid,Pro,"ISO27001, SOC2"
RPA Flow,Automation,RPA,Automata,"rpa, workflow automation, bots","No-code automation of repetitive desktop and web tasks.",none,on-prem,Enterprise,"ISO27001, SOC2"
SearchPlus,Search,Semantic Search,IndexAI,"semantic search, vector database, hybrid search","Neural semantic search with keyword hybrid re-ranking.",text,cloud,Pro,"ISO27001, SOC2"
GenText Studio,Generative AI,Text Generation,Creativa,"text generation, summarization, drafting","Enterprise-safe text generation for emails, docs, and knowledge.",text,cloud,Enterprise,"ISO27001, SOC2"
SummarizePro,NLP,Summarization,LexiAI,"summarization, extractive, abstractive","Concise summaries for lengthy documents and articles.",text,cloud,Pro,"ISO27001"
TranslateNow,NLP,Translation,Polyglot,"machine translation, nmt, glossary","High-quality translation with custom domain glossaries.",text,cloud,Pro,"ISO27001, SOC2"
Sentimetrica,NLP,Sentiment Analysis,LexiAI,"sentiment, emotion detection, aspect","Aspect-based sentiment analysis for reviews and social content.",text,cloud,Basic,"ISO27001"
EntitySpot,NLP,Named Entity Recognition,LexiAI,"ner, entity extraction, normalization","Extract people, orgs, locations, skills with canonical forms.",text,cloud,Pro,"ISO27001"
TabuPredict,ML,AutoML (Tabular),AutoMinds,"automl, classification, regression","AutoML for tabular datasets with feature engineering and model selection.",numeric,cloud,Enterprise,"ISO27001, SOC2"
FraudShield,Finance,Fraud Detection,SafeOps,"fraud detection, graph, anomaly","Real-time fraud scoring using graph features and anomaly signals.",numeric,hybrid,Enterprise,"ISO27001, SOC2, PCI"
ImageSearch360,Computer Vision,Visual Search,VisionTech,"visual search, embeddings, similarity","Search by image using visual embeddings and metadata filters.",vision,cloud,Pro,"ISO27001"
GeoCluster,Geo,Geospatial Clustering,GeoAI,"geospatial, clustering, heatmaps","Cluster locations, generate heatmaps, and compute catchment areas.",numeric,cloud,Pro,"ISO27001"
A/B Optimizer,Marketing,Experimentation,MarketML,"ab testing, uplift modeling, statistics","Plan and analyze A/B tests with automated power calculations.",numeric,cloud,Basic,"ISO27001"
TopicMiner,NLP,Topic Modeling,LexiAI,"topic modeling, lda, nmf","Discover latent topics in large corpora with coherence metrics.",text,cloud,Basic,"ISO27001"
DataCleanse,Data,Data Quality,AutoMinds,"data cleaning, deduplication, standardization","Clean dirty data, deduplicate records, and standardize fields.",none,cloud,Pro,"ISO27001"
ComplianceCheck AI,Legal,PII/PHI Redaction,SafeOps,"pii detection, redaction, compliance","Detect and redact PII/PHI from documents for safe sharing.",text,cloud,Enterprise,"ISO27001, SOC2, HIPAA, GDPR"

