PRICE_TEMPLATE;PREIS;ABDATUM;BISDATUM;VONZONE_1;BISZONE_1;PREISBTR_1;TEXT30;PREISTYP;PREISART;SPARTE;MASS;RUNDART;RUNDUNG;TWAERS;MNGBASIS;AKLASSE;TIMBASIS;TIMTYP;Vlookup
;EG_BMK_SPR;01/06/2024;31/12/9999;;9999999999;;EG - Company Use Summer Benchmark Price;1;0;02;thm;;;USD;1;NCGC;;;NO
;EG_BMK_WPR;01/06/2024;31/12/9999;;9999999999;;EG - Company Use Winter Benchmark Price;1;0;02;thm;;;USD;1;NCGC;;;NO
;EG101_SBR;01/11/2024;31/12/9999;;9999999999;;EG-101 Summer Base Rate;1;0;02;thm;;;USD;1;NCGR;;;NO
;EG101_SEER;01/01/2025;31/12/9999;;9999999999;;EG-101 Summer Energy Efficiency Rider;1;0;02;thm;;;USD;1;NCGR;;;NO
;EG101_SGCC;01/11/2024;31/12/9999;;9999999999;;EG-101 Summer Gas Cost Commodity;1;0;02;thm;;;USD;1;NCGR;;;NO
;EG101_SGCD;01/11/2024;31/12/9999;;9999999999;;EG-101 Summer Gas Cost Demand;1;0;02;thm;;;USD;1;NCGR;;;NO
;EG101_SGDC;01/01/2025;31/12/9999;;9999999999;;EG-101 Summer Gas Distribution Price;1;0;02;thm;;;USD;1;NCGR;;;NO
;EG101_SIMA;01/12/2024;31/12/9999;;9999999999;;EG-101 Summer Integrity Management Adjustment;1;0;02;thm;;;USD;1;NCGR;;;NO
;EG101_SMC;01/01/2021;31/12/9999;;9999999999;;EG-101 Monthly Charge - Summer;1;0;02;thm;;;USD;1;NCGR;;;NO
;EG101_SMDA;01/11/2024;31/12/9999;;9999999999;;EG-101 Summer Margin Decoupling Adjustment;1;0;02;thm;;;USD;1;NCGR;;;NO
;EG101_WBR;01/11/2024;31/12/9999;;9999999999;;EG-101 Winter Base Rate;1;0;02;thm;;;USD;1;NCGR;;;NO
;EG101_WEER;01/01/2025;31/12/9999;;9999999999;;EG-101 Winter Energy Efficiency Rider;1;0;02;thm;;;USD;1;NCGR;;;NO
;EG101_WGCC;01/11/2024;31/12/9999;;9999999999;;EG-101 Winter Gas Cost Commodity;1;0;02;thm;;;USD;1;NCGR;;;NO
;EG101_WGCD;01/11/2024;31/12/9999;;9999999999;;EG-101 Winter Gas Cost Demand;1;0;02;thm;;;USD;1;NCGR;;;NO
;EG101_WGDC;01/01/2025;31/12/9999;;9999999999;;EG-101 Winter Gas Distribution Price;1;0;02;thm;;;USD;1;NCGR;;;NO
;EG101_WIMA;01/12/2024;31/12/9999;;9999999999;;EG-101 Winter Integrity Management Adjustment;1;0;02;thm;;;USD;1;NCGR;;;NO
;EG101_WMC;01/01/2021;31/12/9999;;9999999999;;EG-101 Monthly Charge - Winter;1;0;02;thm;;;USD;1;NCGR;;;NO
;EG101_WMDA;01/11/2024;31/12/9999;;9999999999;;EG-101 Winter Margin Decoupling Adjustment;1;0;02;thm;;;USD;1;NCGR;;;NO
;EG101SGCID;01/11/2024;31/12/9999;;9999999999;;EG-101 Summer Gas Cost Commodity Increment/Decremt;1;0;02;thm;;;USD;1;NCGR;;;NO
;EG101SGDID;01/06/2024;31/12/9999;;9999999999;;EG-101 Summer Gas Cost Demand Increment/Decrement;1;0;02;thm;;;USD;1;NCGR;;;NO
;EG101SNCNG;01/11/2024;31/12/9999;;9999999999;;EG-101 Summer Eastern NCNG Rider;1;0;02;thm;;;USD;1;NCGR;;;NO
;EG101STR3Y;01/11/2022;31/12/9999;;9999999999;;EG-101 Summer Tax Rider 3 year Amount;1;0;02;thm;;;USD;1;NCGR;;;NO
;EG101STR5Y;01/11/2024;31/12/9999;;9999999999;;EG-101 Summer Tax Rider 5 year Amount;1;0;02;thm;;;USD;1;NCGR;;;NO
;EG101WGCID;01/11/2024;31/12/9999;;9999999999;;EG-101 Winter Gas Cost Commodity Increment/Decreme;1;0;02;thm;;;USD;1;NCGR;;;NO
;EG101WGDID;01/06/2024;31/12/9999;;9999999999;;EG-101 Winter Gas Cost Demand Increment/Decrement;1;0;02;thm;;;USD;1;NCGR;;;NO
;EG101WNCNG;01/11/2024;31/12/9999;;9999999999;;EG-101 Winter Eastern NCNG Rider;1;0;02;thm;;;USD;1;NCGR;;;NO
;EG101WTR3Y;01/11/2022;31/12/9999;;9999999999;;EG-101 Winter Tax Rider 3 year Amount;1;0;02;thm;;;USD;1;NCGR;;;NO
;EG101WTR5Y;01/11/2024;31/12/9999;;9999999999;;EG-101 Winter Tax Rider 5 year Amount;1;0;02;thm;;;USD;1;NCGR;;;NO
;EG102_MC;01/01/2021;31/12/9999;;9999999999;;EG-102 Monthly Charge - Summer;1;0;02;thm;;;USD;1;NCGC;;;NO
;EG102_SBR;01/11/2024;31/12/9999;;9999999999;;EG-102 Summer Base Rate;1;0;02;thm;;;USD;1;NCGC;;;NO
;EG102_SEER;01/01/2025;31/12/9999;;9999999999;;EG-102 Summer Energy Efficiency Rider;1;0;02;thm;;;USD;1;NCGC;;;NO
;EG102_SGCC;01/11/2024;31/12/9999;;9999999999;;EG-102 Summer Gas Cost Commodity;1;0;02;thm;;;USD;1;NCGC;;;NO
;EG102_SGCD;01/11/2024;31/12/9999;;9999999999;;EG-102 Summer Gas Cost Demand;1;0;02;thm;;;USD;1;NCGC;;;NO
;EG102_SGDC;01/01/2025;31/12/9999;;9999999999;;EG-102 Summer Gas Distribution Price;1;0;02;thm;;;USD;1;NCGC;;;NO
;EG102_SIMA;01/12/2024;31/12/9999;;9999999999;;EG-102 Summer Integrity Management Adjustment;1;0;02;thm;;;USD;1;NCGC;;;NO
;EG102_SMDA;01/11/2024;31/12/9999;;9999999999;;EG-102 Summer Margin Decoupling Adjustment;1;0;02;thm;;;USD;1;NCGC;;;NO
;EG102_WBR;01/11/2024;31/12/9999;;9999999999;;EG-102 Winter Base Rate;1;0;02;thm;;;USD;1;NCGC;;;NO
;EG102_WEER;01/01/2025;31/12/9999;;9999999999;;EG-102 Winter Energy Efficiency Rider;1;0;02;thm;;;USD;1;NCGC;;;NO
;EG102_WGCC;01/11/2024;31/12/9999;;9999999999;;EG-102 Winter Gas Cost Commodity;1;0;02;thm;;;USD;1;NCGC;;;NO
;EG102_WGCD;01/11/2024;31/12/9999;;9999999999;;EG-102 Winter Gas Cost Demand;1;0;02;thm;;;USD;1;NCGC;;;NO
;EG102_WGDC;01/01/2025;31/12/9999;;9999999999;;EG-102 Winter Gas Distribution Price;1;0;02;thm;;;USD;1;NCGC;;;NO
;EG102_WIMA;01/12/2024;31/12/9999;;9999999999;;EG-102 Winter Integrity Management Adjustment;1;0;02;thm;;;USD;1;NCGC;;;NO
;EG102_WMDA;01/11/2024;31/12/9999;;9999999999;;EG-102 Winter Margin Decoupling Adjustment;1;0;02;thm;;;USD;1;NCGC;;;NO
;EG102SGCID;01/11/2024;31/12/9999;;9999999999;;EG-102 Summer Gas Cost Commodity Increment/Decreme;1;0;02;thm;;;USD;1;NCGC;;;NO
;EG102SGDID;01/06/2024;31/12/9999;;9999999999;;EG-102 Summer Gas Cost Demand Increment/Decrement;1;0;02;thm;;;USD;1;NCGC;;;NO
;EG102SNCNG;01/11/2024;31/12/9999;;9999999999;;EG-102 Summer Eastern NCNG Rider;1;0;02;thm;;;USD;1;NCGC;;;NO
;EG102STR3Y;01/11/2022;31/12/9999;;9999999999;;EG-102 Summer Tax Rider 3 year Amount;1;0;02;thm;;;USD;1;NCGC;;;NO
;EG102STR5Y;01/11/2024;31/12/9999;;9999999999;;EG-102 Summer Tax Rider 5 year Amount;1;0;02;thm;;;USD;1;NCGC;;;NO
;EG102WGCID;01/11/2024;31/12/9999;;9999999999;;EG-102 Winter Gas Cost Commodity Increment/Decreme;1;0;02;thm;;;USD;1;NCGC;;;NO
;EG102WGDID;01/06/2024;31/12/9999;;9999999999;;EG-102 Winter Gas Cost Demand Increment/Decrement;1;0;02;thm;;;USD;1;NCGC;;;NO
;EG102WNCNG;01/11/2024;31/12/9999;;9999999999;;EG-102 Winter Eastern NCNG Rider;1;0;02;thm;;;USD;1;NCGC;;;NO
;EG102WTR3Y;01/11/2022;31/12/9999;;9999999999;;EG-102 Winter Tax Rider 3 year Amount;1;0;02;thm;;;USD;1;NCGC;;;NO
;EG102WTR5Y;01/11/2024;31/12/9999;;9999999999;;EG-102 Winter Tax Rider 5 year Amount;1;0;02;thm;;;USD;1;NCGC;;;NO
;EG103_BRMD;01/11/2024;31/12/9999;;9999999999;;EG-103 Base Rate Margin Demand Charge;1;0;02;thm;;;USD;1;NCGT;;;NO
;EG103_DGCD;01/11/2024;31/12/9999;;9999999999;;EG-103 Demand - Gas Cost Demand Charge;1;0;02;thm;;;USD;1;NCGT;;;NO
;EG103_GCDC;01/06/2024;31/12/9999;;9999999999;;EG-103 Gas Cost Demand Charge Increment/Decrement;1;0;02;thm;;;USD;1;NCGT;;;NO
;EG103_GDDC;01/11/2024;31/12/9999;;9999999999;;EG-103 Gas distribution Demand Charge;1;0;02;thm;;;USD;1;NCGT;;;NO
;EG103_MC;01/01/2021;31/12/9999;;9999999999;;EG-103 Monthly charge;1;0;02;thm;;;USD;1;NCGT;;;NO
;EG103SGCID;01/11/2024;31/12/9999;0;15000;;EG-103 Summer Gas Cost Commodity Increment/Decreme;1;1;02;thm;;;USD;1;NCGT;;;NO
;EG103SGCID;01/11/2024;31/12/9999;15000;45000;;EG-103 Summer Gas Cost Commodity Increment/Decreme;1;1;02;thm;;;USD;1;NCGT;;;NO
;EG103SGCID;01/11/2024;31/12/9999;45000;135000;;EG-103 Summer Gas Cost Commodity Increment/Decreme;1;1;02;thm;;;USD;1;NCGT;;;NO
;EG103SGCID;01/11/2024;31/12/9999;135000;300000;;EG-103 Summer Gas Cost Commodity Increment/Decreme;1;1;02;thm;;;USD;1;NCGT;;;NO
;EG103SGCID;01/11/2024;31/12/9999;300000;600000;;EG-103 Summer Gas Cost Commodity Increment/Decreme;1;1;02;thm;;;USD;1;NCGT;;;NO
;EG103SGCID;01/11/2024;31/12/9999;600000;9999999999;;EG-103 Summer Gas Cost Commodity Increment/Decreme;1;1;02;thm;;;USD;1;NCGT;;;NO
;EG103SGDID;01/06/2024;31/12/9999;0;15000;;EG-103 Summer Gas Cost Demand Increment/Decrement;1;1;02;thm;;;USD;1;NCGT;;;NO
;EG103SGDID;01/06/2024;31/12/9999;15000;45000;;EG-103 Summer Gas Cost Demand Increment/Decrement;1;1;02;thm;;;USD;1;NCGT;;;NO
;EG103SGDID;01/06/2024;31/12/9999;45000;135000;;EG-103 Summer Gas Cost Demand Increment/Decrement;1;1;02;thm;;;USD;1;NCGT;;;NO
;EG103SGDID;01/06/2024;31/12/9999;135000;300000;;EG-103 Summer Gas Cost Demand Increment/Decrement;1;1;02;thm;;;USD;1;NCGT;;;NO
;EG103SGDID;01/06/2024;31/12/9999;300000;600000;;EG-103 Summer Gas Cost Demand Increment/Decrement;1;1;02;thm;;;USD;1;NCGT;;;NO
;EG103SGDID;01/06/2024;31/12/9999;600000;9999999999;;EG-103 Summer Gas Cost Demand Increment/Decrement;1;1;02;thm;;;USD;1;NCGT;;;NO
;EG103SNCNG;01/11/2024;31/12/9999;0;15000;;EG-103 Summer Eastern NCNG Rider;1;1;02;thm;;;USD;1;NCGT;;;NO
;EG103SNCNG;01/11/2024;31/12/9999;15000;45000;;EG-103 Summer Eastern NCNG Rider;1;1;02;thm;;;USD;1;NCGT;;;NO
;EG103SNCNG;01/11/2024;31/12/9999;45000;135000;;EG-103 Summer Eastern NCNG Rider;1;1;02;thm;;;USD;1;NCGT;;;NO
;EG103SNCNG;01/11/2024;31/12/9999;135000;300000;;EG-103 Summer Eastern NCNG Rider;1;1;02;thm;;;USD;1;NCGT;;;NO
;EG103SNCNG;01/11/2024;31/12/9999;300000;600000;;EG-103 Summer Eastern NCNG Rider;1;1;02;thm;;;USD;1;NCGT;;;NO
;EG103SNCNG;01/11/2024;31/12/9999;600000;9999999999;;EG-103 Summer Eastern NCNG Rider;1;1;02;thm;;;USD;1;NCGT;;;NO
;EG103STR3Y;01/11/2022;31/12/9999;0;15000;;EG-103 Summer Tax Rider 3 year Amount;1;1;02;thm;;;USD;1;NCGT;;;NO
;EG103STR3Y;01/11/2022;31/12/9999;15000;45000;;EG-103 Summer Tax Rider 3 year Amount;1;1;02;thm;;;USD;1;NCGT;;;NO
;EG103STR3Y;01/11/2022;31/12/9999;45000;135000;;EG-103 Summer Tax Rider 3 year Amount;1;1;02;thm;;;USD;1;NCGT;;;NO
;EG103STR3Y;01/11/2022;31/12/9999;135000;300000;;EG-103 Summer Tax Rider 3 year Amount;1;1;02;thm;;;USD;1;NCGT;;;NO
;EG103STR3Y;01/11/2022;31/12/9999;300000;600000;;EG-103 Summer Tax Rider 3 year Amount;1;1;02;thm;;;USD;1;NCGT;;;NO
;EG103STR3Y;01/11/2022;31/12/9999;600000;9999999999;;EG-103 Summer Tax Rider 3 year Amount;1;1;02;thm;;;USD;1;NCGT;;;NO
;EG103STR5Y;01/11/2024;31/12/9999;0;15000;;EG-103 Summer Tax Rider 5 year Amount;1;1;02;thm;;;USD;1;NCGT;;;NO
;EG103STR5Y;01/11/2024;31/12/9999;15000;45000;;EG-103 Summer Tax Rider 5 year Amount;1;1;02;thm;;;USD;1;NCGT;;;NO
;EG103STR5Y;01/11/2024;31/12/9999;45000;135000;;EG-103 Summer Tax Rider 5 year Amount;1;1;02;thm;;;USD;1;NCGT;;;NO
;EG103STR5Y;01/11/2024;31/12/9999;135000;300000;;EG-103 Summer Tax Rider 5 year Amount;1;1;02;thm;;;USD;1;NCGT;;;NO
;EG103STR5Y;01/11/2024;31/12/9999;300000;600000;;EG-103 Summer Tax Rider 5 year Amount;1;1;02;thm;;;USD;1;NCGT;;;NO
;EG103STR5Y;01/11/2024;31/12/9999;600000;9999999999;;EG-103 Summer Tax Rider 5 year Amount;1;1;02;thm;;;USD;1;NCGT;;;NO
;EG103WGCID;01/11/2024;31/12/9999;0;15000;;EG-103 Winter Gas Cost Commodity Increment/Decreme;1;1;02;thm;;;USD;1;NCGT;;;NO
;EG103WGCID;01/11/2024;31/12/9999;15000;45000;;EG-103 Winter Gas Cost Commodity Increment/Decreme;1;1;02;thm;;;USD;1;NCGT;;;NO
;EG103WGCID;01/11/2024;31/12/9999;45000;135000;;EG-103 Winter Gas Cost Commodity Increment/Decreme;1;1;02;thm;;;USD;1;NCGT;;;NO
;EG103WGCID;01/11/2024;31/12/9999;135000;300000;;EG-103 Winter Gas Cost Commodity Increment/Decreme;1;1;02;thm;;;USD;1;NCGT;;;NO
;EG103WGCID;01/11/2024;31/12/9999;300000;600000;;EG-103 Winter Gas Cost Commodity Increment/Decreme;1;1;02;thm;;;USD;1;NCGT;;;NO
;EG103WGCID;01/11/2024;31/12/9999;600000;9999999999;;EG-103 Winter Gas Cost Commodity Increment/Decreme;1;1;02;thm;;;USD;1;NCGT;;;NO
;EG103WGDID;01/06/2024;31/12/9999;0;15000;;EG-103 Winter Gas Cost Demand Increment/Decrement;1;1;02;thm;;;USD;1;NCGT;;;NO
;EG103WGDID;01/06/2024;31/12/9999;15000;45000;;EG-103 Winter Gas Cost Demand Increment/Decrement;1;1;02;thm;;;USD;1;NCGT;;;NO
;EG103WGDID;01/06/2024;31/12/9999;45000;135000;;EG-103 Winter Gas Cost Demand Increment/Decrement;1;1;02;thm;;;USD;1;NCGT;;;NO
;EG103WGDID;01/06/2024;31/12/9999;135000;300000;;EG-103 Winter Gas Cost Demand Increment/Decrement;1;1;02;thm;;;USD;1;NCGT;;;NO
;EG103WGDID;01/06/2024;31/12/9999;300000;600000;;EG-103 Winter Gas Cost Demand Increment/Decrement;1;1;02;thm;;;USD;1;NCGT;;;NO
;EG103WGDID;01/06/2024;31/12/9999;600000;9999999999;;EG-103 Winter Gas Cost Demand Increment/Decrement;1;1;02;thm;;;USD;1;NCGT;;;NO
;EG103WNCNG;01/11/2024;31/12/9999;0;15000;;EG-103 Winter Eastern NCNG Rider;1;1;02;thm;;;USD;1;NCGT;;;NO
;EG103WNCNG;01/11/2024;31/12/9999;15000;45000;;EG-103 Winter Eastern NCNG Rider;1;1;02;thm;;;USD;1;NCGT;;;NO
;EG103WNCNG;01/11/2024;31/12/9999;45000;135000;;EG-103 Winter Eastern NCNG Rider;1;1;02;thm;;;USD;1;NCGT;;;NO
;EG103WNCNG;01/11/2024;31/12/9999;135000;300000;;EG-103 Winter Eastern NCNG Rider;1;1;02;thm;;;USD;1;NCGT;;;NO
;EG103WNCNG;01/11/2024;31/12/9999;300000;600000;;EG-103 Winter Eastern NCNG Rider;1;1;02;thm;;;USD;1;NCGT;;;NO
;EG103WNCNG;01/11/2024;31/12/9999;600000;9999999999;;EG-103 Winter Eastern NCNG Rider;1;1;02;thm;;;USD;1;NCGT;;;NO
;EG103WTR3Y;01/03/2023;31/12/9999;0;15000;;EG-103 Winter Tax Rider 3 year Amount;1;1;02;thm;;;USD;1;NCGT;;;NO
;EG103WTR3Y;01/03/2023;31/12/9999;15000;45000;;EG-103 Winter Tax Rider 3 year Amount;1;1;02;thm;;;USD;1;NCGT;;;NO
;EG103WTR3Y;01/03/2023;31/12/9999;45000;135000;;EG-103 Winter Tax Rider 3 year Amount;1;1;02;thm;;;USD;1;NCGT;;;NO
;EG103WTR3Y;01/03/2023;31/12/9999;135000;300000;;EG-103 Winter Tax Rider 3 year Amount;1;1;02;thm;;;USD;1;NCGT;;;NO
;EG103WTR3Y;01/03/2023;31/12/9999;300000;600000;;EG-103 Winter Tax Rider 3 year Amount;1;1;02;thm;;;USD;1;NCGT;;;NO
;EG103WTR3Y;01/03/2023;31/12/9999;600000;9999999999;;EG-103 Winter Tax Rider 3 year Amount;1;1;02;thm;;;USD;1;NCGT;;;NO
;EG103WTR5Y;01/11/2024;31/12/9999;0;15000;;EG-103 Winter Tax Rider 5 year Amount;1;1;02;thm;;;USD;1;NCGT;;;NO
;EG103WTR5Y;01/11/2024;31/12/9999;15000;45000;;EG-103 Winter Tax Rider 5 year Amount;1;1;02;thm;;;USD;1;NCGT;;;NO
;EG103WTR5Y;01/11/2024;31/12/9999;45000;135000;;EG-103 Winter Tax Rider 5 year Amount;1;1;02;thm;;;USD;1;NCGT;;;NO
;EG103WTR5Y;01/11/2024;31/12/9999;135000;300000;;EG-103 Winter Tax Rider 5 year Amount;1;1;02;thm;;;USD;1;NCGT;;;NO
;EG103WTR5Y;01/11/2024;31/12/9999;300000;600000;;EG-103 Winter Tax Rider 5 year Amount;1;1;02;thm;;;USD;1;NCGT;;;NO
;EG103WTR5Y;01/11/2024;31/12/9999;600000;9999999999;;EG-103 Winter Tax Rider 5 year Amount;1;1;02;thm;;;USD;1;NCGT;;;NO
;EG103_SBR;01/11/2024;31/12/9999;0;15000;;EG-103 Summer Base rate;1;1;02;thm;;;USD;1;NCGT;;;NO
;EG103_SBR;01/11/2024;31/12/9999;15000;45000;;EG-103 Summer Base rate;1;1;02;thm;;;USD;1;NCGT;;;NO
;EG103_SBR;01/11/2024;31/12/9999;45000;135000;;EG-103 Summer Base rate;1;1;02;thm;;;USD;1;NCGT;;;NO
;EG103_SBR;01/11/2024;31/12/9999;135000;300000;;EG-103 Summer Base rate;1;1;02;thm;;;USD;1;NCGT;;;NO
;EG103_SBR;01/11/2024;31/12/9999;300000;600000;;EG-103 Summer Base rate;1;1;02;thm;;;USD;1;NCGT;;;NO
;EG103_SBR;01/11/2024;31/12/9999;600000;9999999999;;EG-103 Summer Base rate;1;1;02;thm;;;USD;1;NCGT;;;NO
;EG103_SGCC;01/11/2024;31/12/9999;0;15000;;EG-103 Summer Gas Cost Commodity;1;1;02;thm;;;USD;1;NCGT;;;NO
;EG103_SGCC;01/11/2024;31/12/9999;15000;45000;;EG-103 Summer Gas Cost Commodity;1;1;02;thm;;;USD;1;NCGT;;;NO
;EG103_SGCC;01/11/2024;31/12/9999;45000;135000;;EG-103 Summer Gas Cost Commodity;1;1;02;thm;;;USD;1;NCGT;;;NO
;EG103_SGCC;01/11/2024;31/12/9999;135000;300000;;EG-103 Summer Gas Cost Commodity;1;1;02;thm;;;USD;1;NCGT;;;NO
;EG103_SGCC;01/11/2024;31/12/9999;300000;600000;;EG-103 Summer Gas Cost Commodity;1;1;02;thm;;;USD;1;NCGT;;;NO
;EG103_SGCC;01/11/2024;31/12/9999;600000;9999999999;;EG-103 Summer Gas Cost Commodity;1;1;02;thm;;;USD;1;NCGT;;;NO
;EG103_SGCD;01/11/2024;31/12/9999;0;15000;;EG-103 Summer Gas cost Demand;1;1;02;thm;;;USD;1;NCGT;;;NO
;EG103_SGCD;01/11/2024;31/12/9999;15000;45000;;EG-103 Summer Gas cost Demand;1;1;02;thm;;;USD;1;NCGT;;;NO
;EG103_SGCD;01/11/2024;31/12/9999;45000;135000;;EG-103 Summer Gas cost Demand;1;1;02;thm;;;USD;1;NCGT;;;NO
;EG103_SGCD;01/11/2024;31/12/9999;135000;300000;;EG-103 Summer Gas cost Demand;1;1;02;thm;;;USD;1;NCGT;;;NO
;EG103_SGCD;01/11/2024;31/12/9999;300000;600000;;EG-103 Summer Gas cost Demand;1;1;02;thm;;;USD;1;NCGT;;;NO
;EG103_SGCD;01/11/2024;31/12/9999;600000;9999999999;;EG-103 Summer Gas cost Demand;1;1;02;thm;;;USD;1;NCGT;;;NO
;EG103_SGDC;01/12/2024;31/12/9999;0;15000;;EG-103 Summer Gas distribution price;1;1;02;thm;;;USD;1;NCGT;;;NO
;EG103_SGDC;01/12/2024;31/12/9999;15000;45000;;EG-103 Summer Gas distribution price;1;1;02;thm;;;USD;1;NCGT;;;NO
;EG103_SGDC;01/12/2024;31/12/9999;45000;135000;;EG-103 Summer Gas distribution price;1;1;02;thm;;;USD;1;NCGT;;;NO
;EG103_SGDC;01/12/2024;31/12/9999;135000;300000;;EG-103 Summer Gas distribution price;1;1;02;thm;;;USD;1;NCGT;;;NO
;EG103_SGDC;01/12/2024;31/12/9999;300000;600000;;EG-103 Summer Gas distribution price;1;1;02;thm;;;USD;1;NCGT;;;NO
;EG103_SGDC;01/12/2024;31/12/9999;600000;9999999999;;EG-103 Summer Gas distribution price;1;1;02;thm;;;USD;1;NCGT;;;NO
;EG103_SIMA;01/12/2024;31/12/9999;0;15000;;EG-103 Summer Integrity Management Adjustment;1;1;02;thm;;;USD;1;NCGT;;;NO
;EG103_SIMA;01/12/2024;31/12/9999;15000;45000;;EG-103 Summer Integrity Management Adjustment;1;1;02;thm;;;USD;1;NCGT;;;NO
;EG103_SIMA;01/12/2024;31/12/9999;45000;135000;;EG-103 Summer Integrity Management Adjustment;1;1;02;thm;;;USD;1;NCGT;;;NO
;EG103_SIMA;01/12/2024;31/12/9999;135000;300000;;EG-103 Summer Integrity Management Adjustment;1;1;02;thm;;;USD;1;NCGT;;;NO
;EG103_SIMA;01/12/2024;31/12/9999;300000;600000;;EG-103 Summer Integrity Management Adjustment;1;1;02;thm;;;USD;1;NCGT;;;NO
;EG103_SIMA;01/12/2024;31/12/9999;600000;9999999999;;EG-103 Summer Integrity Management Adjustment;1;1;02;thm;;;USD;1;NCGT;;;NO
;EG103_WBR;01/11/2024;31/12/9999;0;15000;;EG-103 Winter Base rate;1;1;02;thm;;;USD;1;NCGT;;;NO
;EG103_WBR;01/11/2024;31/12/9999;15000;45000;;EG-103 Winter Base rate;1;1;02;thm;;;USD;1;NCGT;;;NO
;EG103_WBR;01/11/2024;31/12/9999;45000;135000;;EG-103 Winter Base rate;1;1;02;thm;;;USD;1;NCGT;;;NO
;EG103_WBR;01/11/2024;31/12/9999;135000;300000;;EG-103 Winter Base rate;1;1;02;thm;;;USD;1;NCGT;;;NO
;EG103_WBR;01/11/2024;31/12/9999;300000;600000;;EG-103 Winter Base rate;1;1;02;thm;;;USD;1;NCGT;;;NO
;EG103_WBR;01/11/2024;31/12/9999;600000;9999999999;;EG-103 Winter Base rate;1;1;02;thm;;;USD;1;NCGT;;;NO
;EG103_WGCC;01/11/2024;31/12/9999;0;15000;;EG-103 Winter Gas Cost Commodity;1;1;02;thm;;;USD;1;NCGT;;;NO
;EG103_WGCC;01/11/2024;31/12/9999;15000;45000;;EG-103 Winter Gas Cost Commodity;1;1;02;thm;;;USD;1;NCGT;;;NO
;EG103_WGCC;01/11/2024;31/12/9999;45000;135000;;EG-103 Winter Gas Cost Commodity;1;1;02;thm;;;USD;1;NCGT;;;NO
;EG103_WGCC;01/11/2024;31/12/9999;135000;300000;;EG-103 Winter Gas Cost Commodity;1;1;02;thm;;;USD;1;NCGT;;;NO
;EG103_WGCC;01/11/2024;31/12/9999;300000;600000;;EG-103 Winter Gas Cost Commodity;1;1;02;thm;;;USD;1;NCGT;;;NO
;EG103_WGCC;01/11/2024;31/12/9999;600000;9999999999;;EG-103 Winter Gas Cost Commodity;1;1;02;thm;;;USD;1;NCGT;;;NO
;EG103_WGCD;01/11/2024;31/12/9999;0;15000;;EG-103 Winter Gas cost Demand;1;1;02;thm;;;USD;1;NCGT;;;NO
;EG103_WGCD;01/11/2024;31/12/9999;15000;45000;;EG-103 Winter Gas cost Demand;1;1;02;thm;;;USD;1;NCGT;;;NO
;EG103_WGCD;01/11/2024;31/12/9999;45000;135000;;EG-103 Winter Gas cost Demand;1;1;02;thm;;;USD;1;NCGT;;;NO
;EG103_WGCD;01/11/2024;31/12/9999;135000;300000;;EG-103 Winter Gas cost Demand;1;1;02;thm;;;USD;1;NCGT;;;NO
;EG103_WGCD;01/11/2024;31/12/9999;300000;600000;;EG-103 Winter Gas cost Demand;1;1;02;thm;;;USD;1;NCGT;;;NO
;EG103_WGCD;01/11/2024;31/12/9999;600000;9999999999;;EG-103 Winter Gas cost Demand;1;1;02;thm;;;USD;1;NCGT;;;NO
;EG103_WGDC;01/12/2024;31/12/9999;0;15000;;EG-103 Winter Gas distribution price;1;1;02;thm;;;USD;1;NCGT;;;NO
;EG103_WGDC;01/12/2024;31/12/9999;15000;45000;;EG-103 Winter Gas distribution price;1;1;02;thm;;;USD;1;NCGT;;;NO
;EG103_WGDC;01/12/2024;31/12/9999;45000;135000;;EG-103 Winter Gas distribution price;1;1;02;thm;;;USD;1;NCGT;;;NO
;EG103_WGDC;01/12/2024;31/12/9999;135000;300000;;EG-103 Winter Gas distribution price;1;1;02;thm;;;USD;1;NCGT;;;NO
;EG103_WGDC;01/12/2024;31/12/9999;300000;600000;;EG-103 Winter Gas distribution price;1;1;02;thm;;;USD;1;NCGT;;;NO
;EG103_WGDC;01/12/2024;31/12/9999;600000;9999999999;;EG-103 Winter Gas distribution price;1;1;02;thm;;;USD;1;NCGT;;;NO
;EG103_WIMA;01/12/2024;31/12/9999;0;15000;;EG-103 Winter Integrity Management Adjustment;1;1;02;thm;;;USD;1;NCGT;;;NO
;EG103_WIMA;01/12/2024;31/12/9999;15000;45000;;EG-103 Winter Integrity Management Adjustment;1;1;02;thm;;;USD;1;NCGT;;;NO
;EG103_WIMA;01/12/2024;31/12/9999;45000;135000;;EG-103 Winter Integrity Management Adjustment;1;1;02;thm;;;USD;1;NCGT;;;NO
;EG103_WIMA;01/12/2024;31/12/9999;135000;300000;;EG-103 Winter Integrity Management Adjustment;1;1;02;thm;;;USD;1;NCGT;;;NO
;EG103_WIMA;01/12/2024;31/12/9999;300000;600000;;EG-103 Winter Integrity Management Adjustment;1;1;02;thm;;;USD;1;NCGT;;;NO
;EG103_WIMA;01/12/2024;31/12/9999;600000;9999999999;;EG-103 Winter Integrity Management Adjustment;1;1;02;thm;;;USD;1;NCGT;;;NO
;EG104SNCNG;01/11/2024;31/12/9999;0;15000;;EG-104 Summer Eastern NCNG Rider;1;1;02;thm;;;USD;1;NCGT;;;NO
;EG104SNCNG;01/11/2024;31/12/9999;15000;45000;;EG-104 Summer Eastern NCNG Rider;1;1;02;thm;;;USD;1;NCGT;;;NO
;EG104SNCNG;01/11/2024;31/12/9999;45000;135000;;EG-104 Summer Eastern NCNG Rider;1;1;02;thm;;;USD;1;NCGT;;;NO
;EG104SNCNG;01/11/2024;31/12/9999;135000;300000;;EG-104 Summer Eastern NCNG Rider;1;1;02;thm;;;USD;1;NCGT;;;NO
;EG104SNCNG;01/11/2024;31/12/9999;300000;600000;;EG-104 Summer Eastern NCNG Rider;1;1;02;thm;;;USD;1;NCGT;;;NO
;EG104SNCNG;01/11/2024;31/12/9999;600000;9999999999;;EG-104 Summer Eastern NCNG Rider;1;1;02;thm;;;USD;1;NCGT;;;NO
;EG104WNCNG;01/11/2024;31/12/9999;0;15000;;EG-104 Winter Eastern NCNG Rider;1;1;02;thm;;;USD;1;NCGT;;;NO
;EG104WNCNG;01/11/2024;31/12/9999;15000;45000;;EG-104 Winter Eastern NCNG Rider;1;1;02;thm;;;USD;1;NCGT;;;NO
;EG104WNCNG;01/11/2024;31/12/9999;45000;135000;;EG-104 Winter Eastern NCNG Rider;1;1;02;thm;;;USD;1;NCGT;;;NO
;EG104WNCNG;01/11/2024;31/12/9999;135000;300000;;EG-104 Winter Eastern NCNG Rider;1;1;02;thm;;;USD;1;NCGT;;;NO
;EG104WNCNG;01/11/2024;31/12/9999;300000;600000;;EG-104 Winter Eastern NCNG Rider;1;1;02;thm;;;USD;1;NCGT;;;NO
;EG104WNCNG;01/11/2024;31/12/9999;600000;9999999999;;EG-104 Winter Eastern NCNG Rider;1;1;02;thm;;;USD;1;NCGT;;;NO
;EG104_SBR;01/11/2024;31/12/9999;0;15000;;EG-104 Summer Base rate;1;1;02;thm;;;USD;1;NCGT;;;NO
;EG104_SBR;01/11/2024;31/12/9999;15000;45000;;EG-104 Summer Base rate;1;1;02;thm;;;USD;1;NCGT;;;NO
;EG104_SBR;01/11/2024;31/12/9999;45000;135000;;EG-104 Summer Base rate;1;1;02;thm;;;USD;1;NCGT;;;NO
;EG104_SBR;01/11/2024;31/12/9999;135000;300000;;EG-104 Summer Base rate;1;1;02;thm;;;USD;1;NCGT;;;NO
;EG104_SBR;01/11/2024;31/12/9999;300000;600000;;EG-104 Summer Base rate;1;1;02;thm;;;USD;1;NCGT;;;NO
;EG104_SBR;01/11/2024;31/12/9999;600000;9999999999;;EG-104 Summer Base rate;1;1;02;thm;;;USD;1;NCGT;;;NO
;EG104_SGCC;01/11/2024;31/12/9999;0;15000;;EG-104 Summer Gas Cost Commodity;1;1;02;thm;;;USD;1;NCGT;;;NO
;EG104_SGCC;01/11/2024;31/12/9999;15000;45000;;EG-104 Summer Gas Cost Commodity;1;1;02;thm;;;USD;1;NCGT;;;NO
;EG104_SGCC;01/11/2024;31/12/9999;45000;135000;;EG-104 Summer Gas Cost Commodity;1;1;02;thm;;;USD;1;NCGT;;;NO
;EG104_SGCC;01/11/2024;31/12/9999;135000;300000;;EG-104 Summer Gas Cost Commodity;1;1;02;thm;;;USD;1;NCGT;;;NO
;EG104_SGCC;01/11/2024;31/12/9999;300000;600000;;EG-104 Summer Gas Cost Commodity;1;1;02;thm;;;USD;1;NCGT;;;NO
;EG104_SGCC;01/11/2024;31/12/9999;600000;9999999999;;EG-104 Summer Gas Cost Commodity;1;1;02;thm;;;USD;1;NCGT;;;NO
;EG104_SGCD;01/11/2024;31/12/9999;0;15000;;EG-104 Summer Gas cost Demand;1;1;02;thm;;;USD;1;NCGT;;;NO
;EG104_SGCD;01/11/2024;31/12/9999;15000;45000;;EG-104 Summer Gas cost Demand;1;1;02;thm;;;USD;1;NCGT;;;NO
;EG104_SGCD;01/11/2024;31/12/9999;45000;135000;;EG-104 Summer Gas cost Demand;1;1;02;thm;;;USD;1;NCGT;;;NO
;EG104_SGCD;01/11/2024;31/12/9999;135000;300000;;EG-104 Summer Gas cost Demand;1;1;02;thm;;;USD;1;NCGT;;;NO
;EG104_SGCD;01/11/2024;31/12/9999;300000;600000;;EG-104 Summer Gas cost Demand;1;1;02;thm;;;USD;1;NCGT;;;NO
;EG104_SGCD;01/11/2024;31/12/9999;600000;9999999999;;EG-104 Summer Gas cost Demand;1;1;02;thm;;;USD;1;NCGT;;;NO
;EG104_SGCI;01/11/2024;31/12/9999;0;15000;;EG-104 Summer Gas Cost Commodity Increment/Decreme;1;1;02;thm;;;USD;1;NCGT;;;NO
;EG104_SGCI;01/11/2024;31/12/9999;15000;45000;;EG-104 Summer Gas Cost Commodity Increment/Decreme;1;1;02;thm;;;USD;1;NCGT;;;NO
;EG104_SGCI;01/11/2024;31/12/9999;45000;135000;;EG-104 Summer Gas Cost Commodity Increment/Decreme;1;1;02;thm;;;USD;1;NCGT;;;NO
;EG104_SGCI;01/11/2024;31/12/9999;135000;300000;;EG-104 Summer Gas Cost Commodity Increment/Decreme;1;1;02;thm;;;USD;1;NCGT;;;NO
;EG104_SGCI;01/11/2024;31/12/9999;300000;600000;;EG-104 Summer Gas Cost Commodity Increment/Decreme;1;1;02;thm;;;USD;1;NCGT;;;NO
;EG104_SGCI;01/11/2024;31/12/9999;600000;9999999999;;EG-104 Summer Gas Cost Commodity Increment/Decreme;1;1;02;thm;;;USD;1;NCGT;;;NO
;EG104_SGDC;01/12/2024;31/12/9999;0;15000;;EG-104 Summer Gas distribution price;1;1;02;thm;;;USD;1;NCGT;;;NO
;EG104_SGDC;01/12/2024;31/12/9999;15000;45000;;EG-104 Summer Gas distribution price;1;1;02;thm;;;USD;1;NCGT;;;NO
;EG104_SGDC;01/12/2024;31/12/9999;45000;135000;;EG-104 Summer Gas distribution price;1;1;02;thm;;;USD;1;NCGT;;;NO
;EG104_SGDC;01/12/2024;31/12/9999;135000;300000;;EG-104 Summer Gas distribution price;1;1;02;thm;;;USD;1;NCGT;;;NO
;EG104_SGDC;01/12/2024;31/12/9999;300000;600000;;EG-104 Summer Gas distribution price;1;1;02;thm;;;USD;1;NCGT;;;NO
;EG104_SGDC;01/12/2024;31/12/9999;600000;9999999999;;EG-104 Summer Gas distribution price;1;1;02;thm;;;USD;1;NCGT;;;NO
;EG104_SGDI;01/06/2024;31/12/9999;0;15000;;EG-104 Summer Gas Cost Demand Increment/Decrement;1;1;02;thm;;;USD;1;NCGT;;;NO
;EG104_SGDI;01/06/2024;31/12/9999;15000;45000;;EG-104 Summer Gas Cost Demand Increment/Decrement;1;1;02;thm;;;USD;1;NCGT;;;NO
;EG104_SGDI;01/06/2024;31/12/9999;45000;135000;;EG-104 Summer Gas Cost Demand Increment/Decrement;1;1;02;thm;;;USD;1;NCGT;;;NO
;EG104_SGDI;01/06/2024;31/12/9999;135000;300000;;EG-104 Summer Gas Cost Demand Increment/Decrement;1;1;02;thm;;;USD;1;NCGT;;;NO
;EG104_SGDI;01/06/2024;31/12/9999;300000;600000;;EG-104 Summer Gas Cost Demand Increment/Decrement;1;1;02;thm;;;USD;1;NCGT;;;NO
;EG104_SGDI;01/06/2024;31/12/9999;600000;9999999999;;EG-104 Summer Gas Cost Demand Increment/Decrement;1;1;02;thm;;;USD;1;NCGT;;;NO
;EG104_SIMA;01/12/2024;31/12/9999;0;15000;;EG-104 Summer Integrity Management Adjustment;1;1;02;thm;;;USD;1;NCGT;;;NO
;EG104_SIMA;01/12/2024;31/12/9999;15000;45000;;EG-104 Summer Integrity Management Adjustment;1;1;02;thm;;;USD;1;NCGT;;;NO
;EG104_SIMA;01/12/2024;31/12/9999;45000;135000;;EG-104 Summer Integrity Management Adjustment;1;1;02;thm;;;USD;1;NCGT;;;NO
;EG104_SIMA;01/12/2024;31/12/9999;135000;300000;;EG-104 Summer Integrity Management Adjustment;1;1;02;thm;;;USD;1;NCGT;;;NO
;EG104_SIMA;01/12/2024;31/12/9999;300000;600000;;EG-104 Summer Integrity Management Adjustment;1;1;02;thm;;;USD;1;NCGT;;;NO
;EG104_SIMA;01/12/2024;31/12/9999;600000;9999999999;;EG-104 Summer Integrity Management Adjustment;1;1;02;thm;;;USD;1;NCGT;;;NO
;EG104_STR3;01/11/2022;31/12/9999;0;15000;;EG-104 Summer Tax Rider 3 year Amount;1;1;02;thm;;;USD;1;NCGT;;;NO
;EG104_STR3;01/11/2022;31/12/9999;15000;45000;;EG-104 Summer Tax Rider 3 year Amount;1;1;02;thm;;;USD;1;NCGT;;;NO
;EG104_STR3;01/11/2022;31/12/9999;45000;135000;;EG-104 Summer Tax Rider 3 year Amount;1;1;02;thm;;;USD;1;NCGT;;;NO
;EG104_STR3;01/11/2022;31/12/9999;135000;300000;;EG-104 Summer Tax Rider 3 year Amount;1;1;02;thm;;;USD;1;NCGT;;;NO
;EG104_STR3;01/11/2022;31/12/9999;300000;600000;;EG-104 Summer Tax Rider 3 year Amount;1;1;02;thm;;;USD;1;NCGT;;;NO
;EG104_STR3;01/11/2022;31/12/9999;600000;9999999999;;EG-104 Summer Tax Rider 3 year Amount;1;1;02;thm;;;USD;1;NCGT;;;NO
;EG104_STR5;01/11/2024;31/12/9999;0;15000;;EG-104 Summer Tax Rider 5 year Amount;1;1;02;thm;;;USD;1;NCGT;;;NO
;EG104_STR5;01/11/2024;31/12/9999;15000;45000;;EG-104 Summer Tax Rider 5 year Amount;1;1;02;thm;;;USD;1;NCGT;;;NO
;EG104_STR5;01/11/2024;31/12/9999;45000;135000;;EG-104 Summer Tax Rider 5 year Amount;1;1;02;thm;;;USD;1;NCGT;;;NO
;EG104_STR5;01/11/2024;31/12/9999;135000;300000;;EG-104 Summer Tax Rider 5 year Amount;1;1;02;thm;;;USD;1;NCGT;;;NO
;EG104_STR5;01/11/2024;31/12/9999;300000;600000;;EG-104 Summer Tax Rider 5 year Amount;1;1;02;thm;;;USD;1;NCGT;;;NO
;EG104_STR5;01/11/2024;31/12/9999;600000;9999999999;;EG-104 Summer Tax Rider 5 year Amount;1;1;02;thm;;;USD;1;NCGT;;;NO
;EG104_WBR;01/11/2024;31/12/9999;0;15000;;EG-104 Winter Base rate;1;1;02;thm;;;USD;1;NCGT;;;NO
;EG104_WBR;01/11/2024;31/12/9999;15000;45000;;EG-104 Winter Base rate;1;1;02;thm;;;USD;1;NCGT;;;NO
;EG104_WBR;01/11/2024;31/12/9999;45000;135000;;EG-104 Winter Base rate;1;1;02;thm;;;USD;1;NCGT;;;NO
;EG104_WBR;01/11/2024;31/12/9999;135000;300000;;EG-104 Winter Base rate;1;1;02;thm;;;USD;1;NCGT;;;NO
;EG104_WBR;01/11/2024;31/12/9999;300000;600000;;EG-104 Winter Base rate;1;1;02;thm;;;USD;1;NCGT;;;NO
;EG104_WBR;01/11/2024;31/12/9999;600000;9999999999;;EG-104 Winter Base rate;1;1;02;thm;;;USD;1;NCGT;;;NO
;EG104_WGCC;01/11/2024;31/12/9999;0;15000;;EG-104 Winter Gas Cost Commodity;1;1;02;thm;;;USD;1;NCGT;;;NO
;EG104_WGCC;01/11/2024;31/12/9999;15000;45000;;EG-104 Winter Gas Cost Commodity;1;1;02;thm;;;USD;1;NCGT;;;NO
;EG104_WGCC;01/11/2024;31/12/9999;45000;135000;;EG-104 Winter Gas Cost Commodity;1;1;02;thm;;;USD;1;NCGT;;;NO
;EG104_WGCC;01/11/2024;31/12/9999;135000;300000;;EG-104 Winter Gas Cost Commodity;1;1;02;thm;;;USD;1;NCGT;;;NO
;EG104_WGCC;01/11/2024;31/12/9999;300000;600000;;EG-104 Winter Gas Cost Commodity;1;1;02;thm;;;USD;1;NCGT;;;NO
;EG104_WGCC;01/11/2024;31/12/9999;600000;9999999999;;EG-104 Winter Gas Cost Commodity;1;1;02;thm;;;USD;1;NCGT;;;NO
;EG104_WGCD;01/11/2024;31/12/9999;0;15000;;EG-104 Winter Gas cost Demand;1;1;02;thm;;;USD;1;NCGT;;;NO
;EG104_WGCD;01/11/2024;31/12/9999;15000;45000;;EG-104 Winter Gas cost Demand;1;1;02;thm;;;USD;1;NCGT;;;NO
;EG104_WGCD;01/11/2024;31/12/9999;45000;135000;;EG-104 Winter Gas cost Demand;1;1;02;thm;;;USD;1;NCGT;;;NO
;EG104_WGCD;01/11/2024;31/12/9999;135000;300000;;EG-104 Winter Gas cost Demand;1;1;02;thm;;;USD;1;NCGT;;;NO
;EG104_WGCD;01/11/2024;31/12/9999;300000;600000;;EG-104 Winter Gas cost Demand;1;1;02;thm;;;USD;1;NCGT;;;NO
;EG104_WGCD;01/11/2024;31/12/9999;600000;9999999999;;EG-104 Winter Gas cost Demand;1;1;02;thm;;;USD;1;NCGT;;;NO
;EG104_WGCI;01/11/2024;31/12/9999;0;15000;;EG-104 Winter Gas Cost Commodity Increment/Decreme;1;1;02;thm;;;USD;1;NCGT;;;NO
;EG104_WGCI;01/11/2024;31/12/9999;15000;45000;;EG-104 Winter Gas Cost Commodity Increment/Decreme;1;1;02;thm;;;USD;1;NCGT;;;NO
;EG104_WGCI;01/11/2024;31/12/9999;45000;135000;;EG-104 Winter Gas Cost Commodity Increment/Decreme;1;1;02;thm;;;USD;1;NCGT;;;NO
;EG104_WGCI;01/11/2024;31/12/9999;135000;300000;;EG-104 Winter Gas Cost Commodity Increment/Decreme;1;1;02;thm;;;USD;1;NCGT;;;NO
;EG104_WGCI;01/11/2024;31/12/9999;300000;600000;;EG-104 Winter Gas Cost Commodity Increment/Decreme;1;1;02;thm;;;USD;1;NCGT;;;NO
;EG104_WGCI;01/11/2024;31/12/9999;600000;9999999999;;EG-104 Winter Gas Cost Commodity Increment/Decreme;1;1;02;thm;;;USD;1;NCGT;;;NO
;EG104_WGDC;01/12/2024;31/12/9999;0;15000;;EG-104 Winter Gas distribution price;1;1;02;thm;;;USD;1;NCGT;;;NO
;EG104_WGDC;01/12/2024;31/12/9999;15000;45000;;EG-104 Winter Gas distribution price;1;1;02;thm;;;USD;1;NCGT;;;NO
;EG104_WGDC;01/12/2024;31/12/9999;45000;135000;;EG-104 Winter Gas distribution price;1;1;02;thm;;;USD;1;NCGT;;;NO
;EG104_WGDC;01/12/2024;31/12/9999;135000;300000;;EG-104 Winter Gas distribution price;1;1;02;thm;;;USD;1;NCGT;;;NO
;EG104_WGDC;01/12/2024;31/12/9999;300000;600000;;EG-104 Winter Gas distribution price;1;1;02;thm;;;USD;1;NCGT;;;NO
;EG104_WGDC;01/12/2024;31/12/9999;600000;9999999999;;EG-104 Winter Gas distribution price;1;1;02;thm;;;USD;1;NCGT;;;NO
;EG104_WGDI;01/06/2024;31/12/9999;0;15000;;EG-104 Winter Gas Cost Demand Increment/Decrement;1;1;02;thm;;;USD;1;NCGT;;;NO
;EG104_WGDI;01/06/2024;31/12/9999;15000;45000;;EG-104 Winter Gas Cost Demand Increment/Decrement;1;1;02;thm;;;USD;1;NCGT;;;NO
;EG104_WGDI;01/06/2024;31/12/9999;45000;135000;;EG-104 Winter Gas Cost Demand Increment/Decrement;1;1;02;thm;;;USD;1;NCGT;;;NO
;EG104_WGDI;01/06/2024;31/12/9999;135000;300000;;EG-104 Winter Gas Cost Demand Increment/Decrement;1;1;02;thm;;;USD;1;NCGT;;;NO
;EG104_WGDI;01/06/2024;31/12/9999;300000;600000;;EG-104 Winter Gas Cost Demand Increment/Decrement;1;1;02;thm;;;USD;1;NCGT;;;NO
;EG104_WGDI;01/06/2024;31/12/9999;600000;9999999999;;EG-104 Winter Gas Cost Demand Increment/Decrement;1;1;02;thm;;;USD;1;NCGT;;;NO
;EG104_WIMA;01/12/2024;31/12/9999;0;15000;;EG-104 Winter Integrity Management Adjustment;1;1;02;thm;;;USD;1;NCGT;;;NO
;EG104_WIMA;01/12/2024;31/12/9999;15000;45000;;EG-104 Winter Integrity Management Adjustment;1;1;02;thm;;;USD;1;NCGT;;;NO
;EG104_WIMA;01/12/2024;31/12/9999;45000;135000;;EG-104 Winter Integrity Management Adjustment;1;1;02;thm;;;USD;1;NCGT;;;NO
;EG104_WIMA;01/12/2024;31/12/9999;135000;300000;;EG-104 Winter Integrity Management Adjustment;1;1;02;thm;;;USD;1;NCGT;;;NO
;EG104_WIMA;01/12/2024;31/12/9999;300000;600000;;EG-104 Winter Integrity Management Adjustment;1;1;02;thm;;;USD;1;NCGT;;;NO
;EG104_WIMA;01/12/2024;31/12/9999;600000;9999999999;;EG-104 Winter Integrity Management Adjustment;1;1;02;thm;;;USD;1;NCGT;;;NO
;EG104_WTR3;01/11/2022;31/12/9999;0;15000;;EG-104 Winter Tax Rider 3 year Amount;1;1;02;thm;;;USD;1;NCGT;;;NO
;EG104_WTR3;01/11/2022;31/12/9999;15000;45000;;EG-104 Winter Tax Rider 3 year Amount;1;1;02;thm;;;USD;1;NCGT;;;NO
;EG104_WTR3;01/11/2022;31/12/9999;45000;135000;;EG-104 Winter Tax Rider 3 year Amount;1;1;02;thm;;;USD;1;NCGT;;;NO
;EG104_WTR3;01/11/2022;31/12/9999;135000;300000;;EG-104 Winter Tax Rider 3 year Amount;1;1;02;thm;;;USD;1;NCGT;;;NO
;EG104_WTR3;01/11/2022;31/12/9999;300000;600000;;EG-104 Winter Tax Rider 3 year Amount;1;1;02;thm;;;USD;1;NCGT;;;NO
;EG104_WTR3;01/11/2022;31/12/9999;600000;9999999999;;EG-104 Winter Tax Rider 3 year Amount;1;1;02;thm;;;USD;1;NCGT;;;NO
;EG104_WTR5;01/11/2024;31/12/9999;0;15000;;EG-104 Winter Tax Rider 5 year Amount;1;1;02;thm;;;USD;1;NCGT;;;NO
;EG104_WTR5;01/11/2024;31/12/9999;15000;45000;;EG-104 Winter Tax Rider 5 year Amount;1;1;02;thm;;;USD;1;NCGT;;;NO
;EG104_WTR5;01/11/2024;31/12/9999;45000;135000;;EG-104 Winter Tax Rider 5 year Amount;1;1;02;thm;;;USD;1;NCGT;;;NO
;EG104_WTR5;01/11/2024;31/12/9999;135000;300000;;EG-104 Winter Tax Rider 5 year Amount;1;1;02;thm;;;USD;1;NCGT;;;NO
;EG104_WTR5;01/11/2024;31/12/9999;300000;600000;;EG-104 Winter Tax Rider 5 year Amount;1;1;02;thm;;;USD;1;NCGT;;;NO
;EG104_WTR5;01/11/2024;31/12/9999;600000;9999999999;;EG-104 Winter Tax Rider 5 year Amount;1;1;02;thm;;;USD;1;NCGT;;;NO
;EG113SNCNG;01/11/2024;31/12/9999;0;15000;;EG-113 Summer Eastern NCNG Rider;1;1;02;thm;;;USD;1;NCGT;;;NO
;EG113SNCNG;01/11/2024;31/12/9999;15000;45000;;EG-113 Summer Eastern NCNG Rider;1;1;02;thm;;;USD;1;NCGT;;;NO
;EG113SNCNG;01/11/2024;31/12/9999;45000;135000;;EG-113 Summer Eastern NCNG Rider;1;1;02;thm;;;USD;1;NCGT;;;NO
;EG113SNCNG;01/11/2024;31/12/9999;135000;300000;;EG-113 Summer Eastern NCNG Rider;1;1;02;thm;;;USD;1;NCGT;;;NO
;EG113SNCNG;01/11/2024;31/12/9999;300000;600000;;EG-113 Summer Eastern NCNG Rider;1;1;02;thm;;;USD;1;NCGT;;;NO
;EG113SNCNG;01/11/2024;31/12/9999;600000;9999999999;;EG-113 Summer Eastern NCNG Rider;1;1;02;thm;;;USD;1;NCGT;;;NO
;EG113WNCNG;01/11/2024;31/12/9999;0;15000;;EG-113 Winter Eastern NCNG Rider;1;1;02;thm;;;USD;1;NCGT;;;NO
;EG113WNCNG;01/11/2024;31/12/9999;15000;45000;;EG-113 Winter Eastern NCNG Rider;1;1;02;thm;;;USD;1;NCGT;;;NO
;EG113WNCNG;01/11/2024;31/12/9999;45000;135000;;EG-113 Winter Eastern NCNG Rider;1;1;02;thm;;;USD;1;NCGT;;;NO
;EG113WNCNG;01/11/2024;31/12/9999;135000;300000;;EG-113 Winter Eastern NCNG Rider;1;1;02;thm;;;USD;1;NCGT;;;NO
;EG113WNCNG;01/11/2024;31/12/9999;300000;600000;;EG-113 Winter Eastern NCNG Rider;1;1;02;thm;;;USD;1;NCGT;;;NO
;EG113WNCNG;01/11/2024;31/12/9999;600000;9999999999;;EG-113 Winter Eastern NCNG Rider;1;1;02;thm;;;USD;1;NCGT;;;NO
;EG113_MC;01/01/2021;31/12/9999;0;9999999999;;EG-113 Monthly charge;1;1;02;thm;;;USD;1;NCGT;;;NO
;EG113_SBR;01/11/2024;31/12/9999;0;15000;;EG-113 Summer Base Rate;1;1;02;thm;;;USD;1;NCGT;;;NO
;EG113_SBR;01/11/2024;31/12/9999;15000;45000;;EG-113 Summer Base Rate;1;1;02;thm;;;USD;1;NCGT;;;NO
;EG113_SBR;01/11/2024;31/12/9999;45000;135000;;EG-113 Summer Base Rate;1;1;02;thm;;;USD;1;NCGT;;;NO
;EG113_SBR;01/11/2024;31/12/9999;135000;300000;;EG-113 Summer Base Rate;1;1;02;thm;;;USD;1;NCGT;;;NO
;EG113_SBR;01/11/2024;31/12/9999;300000;600000;;EG-113 Summer Base Rate;1;1;02;thm;;;USD;1;NCGT;;;NO
;EG113_SBR;01/11/2024;31/12/9999;600000;9999999999;;EG-113 Summer Base Rate;1;1;02;thm;;;USD;1;NCGT;;;NO
;EG113_SGCC;01/11/2024;31/12/9999;0;15000;;EG-113 Summer Gas Cost Commodity;1;1;02;thm;;;USD;1;NCGT;;;NO
;EG113_SGCC;01/11/2024;31/12/9999;15000;45000;;EG-113 Summer Gas Cost Commodity;1;1;02;thm;;;USD;1;NCGT;;;NO
;EG113_SGCC;01/11/2024;31/12/9999;45000;135000;;EG-113 Summer Gas Cost Commodity;1;1;02;thm;;;USD;1;NCGT;;;NO
;EG113_SGCC;01/11/2024;31/12/9999;135000;300000;;EG-113 Summer Gas Cost Commodity;1;1;02;thm;;;USD;1;NCGT;;;NO
;EG113_SGCC;01/11/2024;31/12/9999;300000;600000;;EG-113 Summer Gas Cost Commodity;1;1;02;thm;;;USD;1;NCGT;;;NO
;EG113_SGCC;01/11/2024;31/12/9999;600000;9999999999;;EG-113 Summer Gas Cost Commodity;1;1;02;thm;;;USD;1;NCGT;;;NO
;EG113_SGCD;01/11/2024;31/12/9999;0;15000;;EG-113 Summer Gas cost Demand;1;1;02;thm;;;USD;1;NCGT;;;NO
;EG113_SGCD;01/11/2024;31/12/9999;15000;45000;;EG-113 Summer Gas cost Demand;1;1;02;thm;;;USD;1;NCGT;;;NO
;EG113_SGCD;01/11/2024;31/12/9999;45000;135000;;EG-113 Summer Gas cost Demand;1;1;02;thm;;;USD;1;NCGT;;;NO
;EG113_SGCD;01/11/2024;31/12/9999;135000;300000;;EG-113 Summer Gas cost Demand;1;1;02;thm;;;USD;1;NCGT;;;NO
;EG113_SGCD;01/11/2024;31/12/9999;300000;600000;;EG-113 Summer Gas cost Demand;1;1;02;thm;;;USD;1;NCGT;;;NO
;EG113_SGCD;01/11/2024;31/12/9999;600000;9999999999;;EG-113 Summer Gas cost Demand;1;1;02;thm;;;USD;1;NCGT;;;NO
;EG113_SGDC;01/12/2024;31/12/9999;0;15000;;EG-113 Summer Gas distribution price;1;1;02;thm;;;USD;1;NCGT;;;NO
;EG113_SGDC;01/12/2024;31/12/9999;15000;45000;;EG-113 Summer Gas distribution price;1;1;02;thm;;;USD;1;NCGT;;;NO
;EG113_SGDC;01/12/2024;31/12/9999;45000;135000;;EG-113 Summer Gas distribution price;1;1;02;thm;;;USD;1;NCGT;;;NO
;EG113_SGDC;01/12/2024;31/12/9999;135000;300000;;EG-113 Summer Gas distribution price;1;1;02;thm;;;USD;1;NCGT;;;NO
;EG113_SGDC;01/12/2024;31/12/9999;300000;600000;;EG-113 Summer Gas distribution price;1;1;02;thm;;;USD;1;NCGT;;;NO
;EG113_SGDC;01/12/2024;31/12/9999;600000;9999999999;;EG-113 Summer Gas distribution price;1;1;02;thm;;;USD;1;NCGT;;;NO
;EG113_SGDI;01/06/2024;31/12/9999;0;15000;;EG-113 Summer Gas Cost Demand Increment/Decrement;1;1;02;thm;;;USD;1;NCGT;;;NO
;EG113_SGDI;01/06/2024;31/12/9999;15000;45000;;EG-113 Summer Gas Cost Demand Increment/Decrement;1;1;02;thm;;;USD;1;NCGT;;;NO
;EG113_SGDI;01/06/2024;31/12/9999;45000;135000;;EG-113 Summer Gas Cost Demand Increment/Decrement;1;1;02;thm;;;USD;1;NCGT;;;NO
;EG113_SGDI;01/06/2024;31/12/9999;135000;300000;;EG-113 Summer Gas Cost Demand Increment/Decrement;1;1;02;thm;;;USD;1;NCGT;;;NO
;EG113_SGDI;01/06/2024;31/12/9999;300000;600000;;EG-113 Summer Gas Cost Demand Increment/Decrement;1;1;02;thm;;;USD;1;NCGT;;;NO
;EG113_SGDI;01/06/2024;31/12/9999;600000;9999999999;;EG-113 Summer Gas Cost Demand Increment/Decrement;1;1;02;thm;;;USD;1;NCGT;;;NO
;EG113_SIMA;01/12/2024;31/12/9999;0;15000;;EG-113 Summer Integrity Management Adjustment;1;1;02;thm;;;USD;1;NCGT;;;NO
;EG113_SIMA;01/12/2024;31/12/9999;15000;45000;;EG-113 Summer Integrity Management Adjustment;1;1;02;thm;;;USD;1;NCGT;;;NO
;EG113_SIMA;01/12/2024;31/12/9999;45000;135000;;EG-113 Summer Integrity Management Adjustment;1;1;02;thm;;;USD;1;NCGT;;;NO
;EG113_SIMA;01/12/2024;31/12/9999;135000;300000;;EG-113 Summer Integrity Management Adjustment;1;1;02;thm;;;USD;1;NCGT;;;NO
;EG113_SIMA;01/12/2024;31/12/9999;300000;600000;;EG-113 Summer Integrity Management Adjustment;1;1;02;thm;;;USD;1;NCGT;;;NO
;EG113_SIMA;01/12/2024;31/12/9999;600000;9999999999;;EG-113 Summer Integrity Management Adjustment;1;1;02;thm;;;USD;1;NCGT;;;NO
;EG113_STR3;01/11/2022;31/12/9999;0;15000;;EG-113 Summer Tax Rider 3 year Amount;1;1;02;thm;;;USD;1;NCGT;;;NO
;EG113_STR3;01/11/2022;31/12/9999;15000;45000;;EG-113 Summer Tax Rider 3 year Amount;1;1;02;thm;;;USD;1;NCGT;;;NO
;EG113_STR3;01/11/2022;31/12/9999;45000;135000;;EG-113 Summer Tax Rider 3 year Amount;1;1;02;thm;;;USD;1;NCGT;;;NO
;EG113_STR3;01/11/2022;31/12/9999;135000;300000;;EG-113 Summer Tax Rider 3 year Amount;1;1;02;thm;;;USD;1;NCGT;;;NO
;EG113_STR3;01/11/2022;31/12/9999;300000;600000;;EG-113 Summer Tax Rider 3 year Amount;1;1;02;thm;;;USD;1;NCGT;;;NO
;EG113_STR3;01/11/2022;31/12/9999;600000;9999999999;;EG-113 Summer Tax Rider 3 year Amount;1;1;02;thm;;;USD;1;NCGT;;;NO
;EG113_STR5;01/11/2024;31/12/9999;0;15000;;EG-113 Summer Tax Rider 5 year Amount;1;1;02;thm;;;USD;1;NCGT;;;NO
;EG113_STR5;01/11/2024;31/12/9999;15000;45000;;EG-113 Summer Tax Rider 5 year Amount;1;1;02;thm;;;USD;1;NCGT;;;NO
;EG113_STR5;01/11/2024;31/12/9999;45000;135000;;EG-113 Summer Tax Rider 5 year Amount;1;1;02;thm;;;USD;1;NCGT;;;NO
;EG113_STR5;01/11/2024;31/12/9999;135000;300000;;EG-113 Summer Tax Rider 5 year Amount;1;1;02;thm;;;USD;1;NCGT;;;NO
;EG113_STR5;01/11/2024;31/12/9999;300000;600000;;EG-113 Summer Tax Rider 5 year Amount;1;1;02;thm;;;USD;1;NCGT;;;NO
;EG113_STR5;01/11/2024;31/12/9999;600000;9999999999;;EG-113 Summer Tax Rider 5 year Amount;1;1;02;thm;;;USD;1;NCGT;;;NO
;EG113_WBR;01/11/2024;31/12/9999;0;15000;;EG-113 Winter Base rate;1;1;02;thm;;;USD;1;NCGT;;;NO
;EG113_WBR;01/11/2024;31/12/9999;15000;45000;;EG-113 Winter Base rate;1;1;02;thm;;;USD;1;NCGT;;;NO
;EG113_WBR;01/11/2024;31/12/9999;45000;135000;;EG-113 Winter Base rate;1;1;02;thm;;;USD;1;NCGT;;;NO
;EG113_WBR;01/11/2024;31/12/9999;135000;300000;;EG-113 Winter Base rate;1;1;02;thm;;;USD;1;NCGT;;;NO
;EG113_WBR;01/11/2024;31/12/9999;300000;600000;;EG-113 Winter Base rate;1;1;02;thm;;;USD;1;NCGT;;;NO
;EG113_WBR;01/11/2024;31/12/9999;600000;9999999999;;EG-113 Winter Base rate;1;1;02;thm;;;USD;1;NCGT;;;NO
;EG113_WGCC;01/11/2024;31/12/9999;0;15000;;EG-113 Winter Gas Cost Commodity;1;1;02;thm;;;USD;1;NCGT;;;NO
;EG113_WGCC;01/11/2024;31/12/9999;15000;45000;;EG-113 Winter Gas Cost Commodity;1;1;02;thm;;;USD;1;NCGT;;;NO
;EG113_WGCC;01/11/2024;31/12/9999;45000;135000;;EG-113 Winter Gas Cost Commodity;1;1;02;thm;;;USD;1;NCGT;;;NO
;EG113_WGCC;01/11/2024;31/12/9999;135000;300000;;EG-113 Winter Gas Cost Commodity;1;1;02;thm;;;USD;1;NCGT;;;NO
;EG113_WGCC;01/11/2024;31/12/9999;300000;600000;;EG-113 Winter Gas Cost Commodity;1;1;02;thm;;;USD;1;NCGT;;;NO
;EG113_WGCC;01/11/2024;31/12/9999;600000;9999999999;;EG-113 Winter Gas Cost Commodity;1;1;02;thm;;;USD;1;NCGT;;;NO
;EG113_WGCD;01/11/2024;31/12/9999;0;15000;;EG-113 Winter Gas cost Demand;1;1;02;thm;;;USD;1;NCGT;;;NO
;EG113_WGCD;01/11/2024;31/12/9999;15000;45000;;EG-113 Winter Gas cost Demand;1;1;02;thm;;;USD;1;NCGT;;;NO
;EG113_WGCD;01/11/2024;31/12/9999;45000;135000;;EG-113 Winter Gas cost Demand;1;1;02;thm;;;USD;1;NCGT;;;NO
;EG113_WGCD;01/11/2024;31/12/9999;135000;300000;;EG-113 Winter Gas cost Demand;1;1;02;thm;;;USD;1;NCGT;;;NO
;EG113_WGCD;01/11/2024;31/12/9999;300000;600000;;EG-113 Winter Gas cost Demand;1;1;02;thm;;;USD;1;NCGT;;;NO
;EG113_WGCD;01/11/2024;31/12/9999;600000;9999999999;;EG-113 Winter Gas cost Demand;1;1;02;thm;;;USD;1;NCGT;;;NO
;EG113_WGDC;01/12/2024;31/12/9999;0;15000;;EG-113 Winter Gas distribution price;1;1;02;thm;;;USD;1;NCGT;;;NO
;EG113_WGDC;01/12/2024;31/12/9999;15000;45000;;EG-113 Winter Gas distribution price;1;1;02;thm;;;USD;1;NCGT;;;NO
;EG113_WGDC;01/12/2024;31/12/9999;45000;135000;;EG-113 Winter Gas distribution price;1;1;02;thm;;;USD;1;NCGT;;;NO
;EG113_WGDC;01/12/2024;31/12/9999;135000;300000;;EG-113 Winter Gas distribution price;1;1;02;thm;;;USD;1;NCGT;;;NO
;EG113_WGDC;01/12/2024;31/12/9999;300000;600000;;EG-113 Winter Gas distribution price;1;1;02;thm;;;USD;1;NCGT;;;NO
;EG113_WGDC;01/12/2024;31/12/9999;600000;9999999999;;EG-113 Winter Gas distribution price;1;1;02;thm;;;USD;1;NCGT;;;NO
;EG113_WGDI;01/06/2024;31/12/9999;0;15000;;EG-113 Winter Gas Cost Demand Increment/Decrement;1;1;02;thm;;;USD;1;NCGT;;;NO
;EG113_WGDI;01/06/2024;31/12/9999;15000;45000;;EG-113 Winter Gas Cost Demand Increment/Decrement;1;1;02;thm;;;USD;1;NCGT;;;NO
;EG113_WGDI;01/06/2024;31/12/9999;45000;135000;;EG-113 Winter Gas Cost Demand Increment/Decrement;1;1;02;thm;;;USD;1;NCGT;;;NO
;EG113_WGDI;01/06/2024;31/12/9999;135000;300000;;EG-113 Winter Gas Cost Demand Increment/Decrement;1;1;02;thm;;;USD;1;NCGT;;;NO
;EG113_WGDI;01/06/2024;31/12/9999;300000;600000;;EG-113 Winter Gas Cost Demand Increment/Decrement;1;1;02;thm;;;USD;1;NCGT;;;NO
;EG113_WGDI;01/06/2024;31/12/9999;600000;9999999999;;EG-113 Winter Gas Cost Demand Increment/Decrement;1;1;02;thm;;;USD;1;NCGT;;;NO
;EG113_WIMA;01/12/2024;31/12/9999;0;15000;;EG-113 Winter Integrity Management Adjustment;1;1;02;thm;;;USD;1;NCGT;;;NO
;EG113_WIMA;01/12/2024;31/12/9999;15000;45000;;EG-113 Winter Integrity Management Adjustment;1;1;02;thm;;;USD;1;NCGT;;;NO
;EG113_WIMA;01/12/2024;31/12/9999;45000;135000;;EG-113 Winter Integrity Management Adjustment;1;1;02;thm;;;USD;1;NCGT;;;NO
;EG113_WIMA;01/12/2024;31/12/9999;135000;300000;;EG-113 Winter Integrity Management Adjustment;1;1;02;thm;;;USD;1;NCGT;;;NO
;EG113_WIMA;01/12/2024;31/12/9999;300000;600000;;EG-113 Winter Integrity Management Adjustment;1;1;02;thm;;;USD;1;NCGT;;;NO
;EG113_WIMA;01/12/2024;31/12/9999;600000;9999999999;;EG-113 Winter Integrity Management Adjustment;1;1;02;thm;;;USD;1;NCGT;;;NO
;EG113_WTR3;01/11/2022;31/12/9999;0;15000;;EG-113 Winter Tax Rider 3 year Amount;1;1;02;thm;;;USD;1;NCGT;;;NO
;EG113_WTR3;01/11/2022;31/12/9999;15000;45000;;EG-113 Winter Tax Rider 3 year Amount;1;1;02;thm;;;USD;1;NCGT;;;NO
;EG113_WTR3;01/11/2022;31/12/9999;45000;135000;;EG-113 Winter Tax Rider 3 year Amount;1;1;02;thm;;;USD;1;NCGT;;;NO
;EG113_WTR3;01/11/2022;31/12/9999;135000;300000;;EG-113 Winter Tax Rider 3 year Amount;1;1;02;thm;;;USD;1;NCGT;;;NO
;EG113_WTR3;01/11/2022;31/12/9999;300000;600000;;EG-113 Winter Tax Rider 3 year Amount;1;1;02;thm;;;USD;1;NCGT;;;NO
;EG113_WTR3;01/11/2022;31/12/9999;600000;9999999999;;EG-113 Winter Tax Rider 3 year Amount;1;1;02;thm;;;USD;1;NCGT;;;NO
;EG113_WTR5;01/11/2024;31/12/9999;0;15000;;EG-113 Winter Tax Rider 5 year Amount;1;1;02;thm;;;USD;1;NCGT;;;NO
;EG113_WTR5;01/11/2024;31/12/9999;15000;45000;;EG-113 Winter Tax Rider 5 year Amount;1;1;02;thm;;;USD;1;NCGT;;;NO
;EG113_WTR5;01/11/2024;31/12/9999;45000;135000;;EG-113 Winter Tax Rider 5 year Amount;1;1;02;thm;;;USD;1;NCGT;;;NO
;EG113_WTR5;01/11/2024;31/12/9999;135000;300000;;EG-113 Winter Tax Rider 5 year Amount;1;1;02;thm;;;USD;1;NCGT;;;NO
;EG113_WTR5;01/11/2024;31/12/9999;300000;600000;;EG-113 Winter Tax Rider 5 year Amount;1;1;02;thm;;;USD;1;NCGT;;;NO
;EG113_WTR5;01/11/2024;31/12/9999;600000;9999999999;;EG-113 Winter Tax Rider 5 year Amount;1;1;02;thm;;;USD;1;NCGT;;;NO
;EG113SPIM;;31/12/9999;0;15000;;EG-113 Summer PIM Rider;1;1;02;thm;;;USD;1;NCGT;;;NO
;EG113SPIM;;31/12/9999;15000;45000;;EG-113 Summer PIM Rider;1;1;02;thm;;;USD;1;NCGT;;;NO
;EG113SPIM;;31/12/9999;45000;135000;;EG-113 Summer PIM Rider;1;1;02;thm;;;USD;1;NCGT;;;NO
;EG113SPIM;;31/12/9999;135000;300000;;EG-113 Summer PIM Rider;1;1;02;thm;;;USD;1;NCGT;;;NO
;EG113SPIM;;31/12/9999;300000;600000;;EG-113 Summer PIM Rider;1;1;02;thm;;;USD;1;NCGT;;;NO
;EG113SPIM;;31/12/9999;600000;9999999999;;EG-113 Summer PIM Rider;1;1;02;thm;;;USD;1;NCGT;;;NO
;EG113WPIM;;31/12/9999;0;15000;;EG-113 Winter PIM Rider;1;1;02;thm;;;USD;1;NCGT;;;NO
;EG113WPIM;;31/12/9999;15000;45000;;EG-113 Winter PIM Rider;1;1;02;thm;;;USD;1;NCGT;;;NO
;EG113WPIM;;31/12/9999;45000;135000;;EG-113 Winter PIM Rider;1;1;02;thm;;;USD;1;NCGT;;;NO
;EG113WPIM;;31/12/9999;135000;300000;;EG-113 Winter PIM Rider;1;1;02;thm;;;USD;1;NCGT;;;NO
;EG113WPIM;;31/12/9999;300000;600000;;EG-113 Winter PIM Rider;1;1;02;thm;;;USD;1;NCGT;;;NO
;EG113WPIM;;31/12/9999;600000;9999999999;;EG-113 Winter PIM Rider;1;1;02;thm;;;USD;1;NCGT;;;NO
;EG114SGDID;01/06/2024;31/12/9999;0;15000;;EG-114 Summer Gas Cost Demand Increment/Decrement;1;1;02;thm;;;USD;1;NCGT;;;NO
;EG114SGDID;01/06/2024;31/12/9999;15000;45000;;EG-114 Summer Gas Cost Demand Increment/Decrement;1;1;02;thm;;;USD;1;NCGT;;;NO
;EG114SGDID;01/06/2024;31/12/9999;45000;135000;;EG-114 Summer Gas Cost Demand Increment/Decrement;1;1;02;thm;;;USD;1;NCGT;;;NO
;EG114SGDID;01/06/2024;31/12/9999;135000;300000;;EG-114 Summer Gas Cost Demand Increment/Decrement;1;1;02;thm;;;USD;1;NCGT;;;NO
;EG114SGDID;01/06/2024;31/12/9999;300000;600000;;EG-114 Summer Gas Cost Demand Increment/Decrement;1;1;02;thm;;;USD;1;NCGT;;;NO
;EG114SGDID;01/06/2024;31/12/9999;600000;9999999999;;EG-114 Summer Gas Cost Demand Increment/Decrement;1;1;02;thm;;;USD;1;NCGT;;;NO
;EG114SNCNG;01/11/2024;31/12/9999;0;15000;;EG-114 Summer Eastern NCNG Rider;1;1;02;thm;;;USD;1;NCGT;;;NO
;EG114SNCNG;01/11/2024;31/12/9999;15000;45000;;EG-114 Summer Eastern NCNG Rider;1;1;02;thm;;;USD;1;NCGT;;;NO
;EG114SNCNG;01/11/2024;31/12/9999;45000;135000;;EG-114 Summer Eastern NCNG Rider;1;1;02;thm;;;USD;1;NCGT;;;NO
;EG114SNCNG;01/11/2024;31/12/9999;135000;300000;;EG-114 Summer Eastern NCNG Rider;1;1;02;thm;;;USD;1;NCGT;;;NO
;EG114SNCNG;01/11/2024;31/12/9999;300000;600000;;EG-114 Summer Eastern NCNG Rider;1;1;02;thm;;;USD;1;NCGT;;;NO
;EG114SNCNG;01/11/2024;31/12/9999;600000;9999999999;;EG-114 Summer Eastern NCNG Rider;1;1;02;thm;;;USD;1;NCGT;;;NO
;EG114STR3Y;01/03/2023;31/12/9999;0;15000;;EG-114 Summer Tax Rider 3 year Amount;1;1;02;thm;;;USD;1;NCGT;;;NO
;EG114STR3Y;01/03/2023;31/12/9999;15000;45000;;EG-114 Summer Tax Rider 3 year Amount;1;1;02;thm;;;USD;1;NCGT;;;NO
;EG114STR3Y;01/03/2023;31/12/9999;45000;135000;;EG-114 Summer Tax Rider 3 year Amount;1;1;02;thm;;;USD;1;NCGT;;;NO
;EG114STR3Y;01/03/2023;31/12/9999;135000;300000;;EG-114 Summer Tax Rider 3 year Amount;1;1;02;thm;;;USD;1;NCGT;;;NO
;EG114STR3Y;01/03/2023;31/12/9999;300000;600000;;EG-114 Summer Tax Rider 3 year Amount;1;1;02;thm;;;USD;1;NCGT;;;NO
;EG114STR3Y;01/03/2023;31/12/9999;600000;9999999999;;EG-114 Summer Tax Rider 3 year Amount;1;1;02;thm;;;USD;1;NCGT;;;NO
;EG114STR5Y;01/11/2024;31/12/9999;0;15000;;EG-114Summer Tax Rider 5 year Amount;1;1;02;thm;;;USD;1;NCGT;;;NO
;EG114STR5Y;01/11/2024;31/12/9999;15000;45000;;EG-114Summer Tax Rider 5 year Amount;1;1;02;thm;;;USD;1;NCGT;;;NO
;EG114STR5Y;01/11/2024;31/12/9999;45000;135000;;EG-114Summer Tax Rider 5 year Amount;1;1;02;thm;;;USD;1;NCGT;;;NO
;EG114STR5Y;01/11/2024;31/12/9999;135000;300000;;EG-114Summer Tax Rider 5 year Amount;1;1;02;thm;;;USD;1;NCGT;;;NO
;EG114STR5Y;01/11/2024;31/12/9999;300000;600000;;EG-114Summer Tax Rider 5 year Amount;1;1;02;thm;;;USD;1;NCGT;;;NO
;EG114STR5Y;01/11/2024;31/12/9999;600000;9999999999;;EG-114Summer Tax Rider 5 year Amount;1;1;02;thm;;;USD;1;NCGT;;;NO
;EG114WGDID;01/06/2024;31/12/9999;0;15000;;EG-114 Winter Gas Cost Demand Increment/Decrement;1;1;02;thm;;;USD;1;NCGT;;;NO
;EG114WGDID;01/06/2024;31/12/9999;15000;45000;;EG-114 Winter Gas Cost Demand Increment/Decrement;1;1;02;thm;;;USD;1;NCGT;;;NO
;EG114WGDID;01/06/2024;31/12/9999;45000;135000;;EG-114 Winter Gas Cost Demand Increment/Decrement;1;1;02;thm;;;USD;1;NCGT;;;NO
;EG114WGDID;01/06/2024;31/12/9999;135000;300000;;EG-114 Winter Gas Cost Demand Increment/Decrement;1;1;02;thm;;;USD;1;NCGT;;;NO
;EG114WGDID;01/06/2024;31/12/9999;300000;600000;;EG-114 Winter Gas Cost Demand Increment/Decrement;1;1;02;thm;;;USD;1;NCGT;;;NO
;EG114WGDID;01/06/2024;31/12/9999;600000;9999999999;;EG-114 Winter Gas Cost Demand Increment/Decrement;1;1;02;thm;;;USD;1;NCGT;;;NO
;EG114WNCNG;01/11/2024;31/12/9999;0;15000;;EG-114 Winter Eastern NCNG Rider;1;1;02;thm;;;USD;1;NCGT;;;NO
;EG114WNCNG;01/11/2024;31/12/9999;15000;45000;;EG-114 Winter Eastern NCNG Rider;1;1;02;thm;;;USD;1;NCGT;;;NO
;EG114WNCNG;01/11/2024;31/12/9999;45000;135000;;EG-114 Winter Eastern NCNG Rider;1;1;02;thm;;;USD;1;NCGT;;;NO
;EG114WNCNG;01/11/2024;31/12/9999;135000;300000;;EG-114 Winter Eastern NCNG Rider;1;1;02;thm;;;USD;1;NCGT;;;NO
;EG114WNCNG;01/11/2024;31/12/9999;300000;600000;;EG-114 Winter Eastern NCNG Rider;1;1;02;thm;;;USD;1;NCGT;;;NO
;EG114WNCNG;01/11/2024;31/12/9999;600000;9999999999;;EG-114 Winter Eastern NCNG Rider;1;1;02;thm;;;USD;1;NCGT;;;NO
;EG114WTR3Y;01/03/2023;31/12/9999;0;15000;;EG-114 Winter Tax Rider 3 year Amount;1;1;02;thm;;;USD;1;NCGT;;;NO
;EG114WTR3Y;01/03/2023;31/12/9999;15000;45000;;EG-114 Winter Tax Rider 3 year Amount;1;1;02;thm;;;USD;1;NCGT;;;NO
;EG114WTR3Y;01/03/2023;31/12/9999;45000;135000;;EG-114 Winter Tax Rider 3 year Amount;1;1;02;thm;;;USD;1;NCGT;;;NO
;EG114WTR3Y;01/03/2023;31/12/9999;135000;300000;;EG-114 Winter Tax Rider 3 year Amount;1;1;02;thm;;;USD;1;NCGT;;;NO
;EG114WTR3Y;01/03/2023;31/12/9999;300000;600000;;EG-114 Winter Tax Rider 3 year Amount;1;1;02;thm;;;USD;1;NCGT;;;NO
;EG114WTR3Y;01/03/2023;31/12/9999;600000;9999999999;;EG-114 Winter Tax Rider 3 year Amount;1;1;02;thm;;;USD;1;NCGT;;;NO
;EG114WTR5Y;01/11/2024;31/12/9999;0;15000;;EG-114Winter Tax Rider 5 year Amount;1;1;02;thm;;;USD;1;NCGT;;;NO
;EG114WTR5Y;01/11/2024;31/12/9999;15000;45000;;EG-114Winter Tax Rider 5 year Amount;1;1;02;thm;;;USD;1;NCGT;;;NO
;EG114WTR5Y;01/11/2024;31/12/9999;45000;135000;;EG-114Winter Tax Rider 5 year Amount;1;1;02;thm;;;USD;1;NCGT;;;NO
;EG114WTR5Y;01/11/2024;31/12/9999;135000;300000;;EG-114Winter Tax Rider 5 year Amount;1;1;02;thm;;;USD;1;NCGT;;;NO
;EG114WTR5Y;01/11/2024;31/12/9999;300000;600000;;EG-114Winter Tax Rider 5 year Amount;1;1;02;thm;;;USD;1;NCGT;;;NO
;EG114WTR5Y;01/11/2024;31/12/9999;600000;9999999999;;EG-114Winter Tax Rider 5 year Amount;1;1;02;thm;;;USD;1;NCGT;;;NO
;EG114SPIM;;31/12/9999;0;15000;;EG-114 Summer PIM Rider;1;1;02;thm;;;USD;1;NCGT;;;NO
;EG114SPIM;;31/12/9999;15000;45000;;EG-114 Summer PIM Rider;1;1;02;thm;;;USD;1;NCGT;;;NO
;EG114SPIM;;31/12/9999;45000;135000;;EG-114 Summer PIM Rider;1;1;02;thm;;;USD;1;NCGT;;;NO
;EG114SPIM;;31/12/9999;135000;300000;;EG-114 Summer PIM Rider;1;1;02;thm;;;USD;1;NCGT;;;NO
;EG114SPIM;;31/12/9999;300000;600000;;EG-114 Summer PIM Rider;1;1;02;thm;;;USD;1;NCGT;;;NO
;EG114SPIM;;31/12/9999;600000;9999999999;;EG-114 Summer PIM Rider;1;1;02;thm;;;USD;1;NCGT;;;NO
;EG114WPIM;;31/12/9999;0;15000;;EG-114 Winter PIM Rider;1;1;02;thm;;;USD;1;NCGT;;;NO
;EG114WPIM;;31/12/9999;15000;45000;;EG-114 Winter PIM Rider;1;1;02;thm;;;USD;1;NCGT;;;NO
;EG114WPIM;;31/12/9999;45000;135000;;EG-114 Winter PIM Rider;1;1;02;thm;;;USD;1;NCGT;;;NO
;EG114WPIM;;31/12/9999;135000;300000;;EG-114 Winter PIM Rider;1;1;02;thm;;;USD;1;NCGT;;;NO
;EG114WPIM;;31/12/9999;300000;600000;;EG-114 Winter PIM Rider;1;1;02;thm;;;USD;1;NCGT;;;NO
;EG114WPIM;;31/12/9999;600000;9999999999;;EG-114 Winter PIM Rider;1;1;02;thm;;;USD;1;NCGT;;;NO
;EG114_SBR;01/11/2024;31/12/9999;0;15000;;EG-114 Summer Base rate;1;1;02;thm;;;USD;1;NCGT;;;NO
;EG114_SBR;01/11/2024;31/12/9999;15000;45000;;EG-114 Summer Base rate;1;1;02;thm;;;USD;1;NCGT;;;NO
;EG114_SBR;01/11/2024;31/12/9999;45000;135000;;EG-114 Summer Base rate;1;1;02;thm;;;USD;1;NCGT;;;NO
;EG114_SBR;01/11/2024;31/12/9999;135000;300000;;EG-114 Summer Base rate;1;1;02;thm;;;USD;1;NCGT;;;NO
;EG114_SBR;01/11/2024;31/12/9999;300000;600000;;EG-114 Summer Base rate;1;1;02;thm;;;USD;1;NCGT;;;NO
;EG114_SBR;01/11/2024;31/12/9999;600000;9999999999;;EG-114 Summer Base rate;1;1;02;thm;;;USD;1;NCGT;;;NO
;EG114_SGCC;01/11/2024;31/12/9999;0;15000;;EG-114 Summer Gas Cost Commodity;1;1;02;thm;;;USD;1;NCGT;;;NO
;EG114_SGCC;01/11/2024;31/12/9999;15000;45000;;EG-114 Summer Gas Cost Commodity;1;1;02;thm;;;USD;1;NCGT;;;NO
;EG114_SGCC;01/11/2024;31/12/9999;45000;135000;;EG-114 Summer Gas Cost Commodity;1;1;02;thm;;;USD;1;NCGT;;;NO
;EG114_SGCC;01/11/2024;31/12/9999;135000;300000;;EG-114 Summer Gas Cost Commodity;1;1;02;thm;;;USD;1;NCGT;;;NO
;EG114_SGCC;01/11/2024;31/12/9999;300000;600000;;EG-114 Summer Gas Cost Commodity;1;1;02;thm;;;USD;1;NCGT;;;NO
;EG114_SGCC;01/11/2024;31/12/9999;600000;9999999999;;EG-114 Summer Gas Cost Commodity;1;1;02;thm;;;USD;1;NCGT;;;NO
;EG114_SGCD;01/11/2024;31/12/9999;0;15000;;EG-114 Summer Gas cost Demand;1;1;02;thm;;;USD;1;NCGT;;;NO
;EG114_SGCD;01/11/2024;31/12/9999;15000;45000;;EG-114 Summer Gas cost Demand;1;1;02;thm;;;USD;1;NCGT;;;NO
;EG114_SGCD;01/11/2024;31/12/9999;45000;135000;;EG-114 Summer Gas cost Demand;1;1;02;thm;;;USD;1;NCGT;;;NO
;EG114_SGCD;01/11/2024;31/12/9999;135000;300000;;EG-114 Summer Gas cost Demand;1;1;02;thm;;;USD;1;NCGT;;;NO
;EG114_SGCD;01/11/2024;31/12/9999;300000;600000;;EG-114 Summer Gas cost Demand;1;1;02;thm;;;USD;1;NCGT;;;NO
;EG114_SGCD;01/11/2024;31/12/9999;600000;9999999999;;EG-114 Summer Gas cost Demand;1;1;02;thm;;;USD;1;NCGT;;;NO
;EG114_SGDC;01/12/2024;31/12/9999;0;15000;;EG-114 Summer Gas distribution price;1;1;02;thm;;;USD;1;NCGT;;;NO
;EG114_SGDC;01/12/2024;31/12/9999;15000;45000;;EG-114 Summer Gas distribution price;1;1;02;thm;;;USD;1;NCGT;;;NO
;EG114_SGDC;01/12/2024;31/12/9999;45000;135000;;EG-114 Summer Gas distribution price;1;1;02;thm;;;USD;1;NCGT;;;NO
;EG114_SGDC;01/12/2024;31/12/9999;135000;300000;;EG-114 Summer Gas distribution price;1;1;02;thm;;;USD;1;NCGT;;;NO
;EG114_SGDC;01/12/2024;31/12/9999;300000;600000;;EG-114 Summer Gas distribution price;1;1;02;thm;;;USD;1;NCGT;;;NO
;EG114_SGDC;01/12/2024;31/12/9999;600000;9999999999;;EG-114 Summer Gas distribution price;1;1;02;thm;;;USD;1;NCGT;;;NO
;EG114_SIMA;01/12/2024;31/12/9999;0;15000;;EG-114 Summer Integrity Management Adjustment;1;1;02;thm;;;USD;1;NCGT;;;NO
;EG114_SIMA;01/12/2024;31/12/9999;15000;45000;;EG-114 Summer Integrity Management Adjustment;1;1;02;thm;;;USD;1;NCGT;;;NO
;EG114_SIMA;01/12/2024;31/12/9999;45000;135000;;EG-114 Summer Integrity Management Adjustment;1;1;02;thm;;;USD;1;NCGT;;;NO
;EG114_SIMA;01/12/2024;31/12/9999;135000;300000;;EG-114 Summer Integrity Management Adjustment;1;1;02;thm;;;USD;1;NCGT;;;NO
;EG114_SIMA;01/12/2024;31/12/9999;300000;600000;;EG-114 Summer Integrity Management Adjustment;1;1;02;thm;;;USD;1;NCGT;;;NO
;EG114_SIMA;01/12/2024;31/12/9999;600000;9999999999;;EG-114 Summer Integrity Management Adjustment;1;1;02;thm;;;USD;1;NCGT;;;NO
;EG114_WBR;01/11/2024;31/12/9999;0;15000;;EG-114 Winter Base rate;1;1;02;thm;;;USD;1;NCGT;;;NO
;EG114_WBR;01/11/2024;31/12/9999;15000;45000;;EG-114 Winter Base rate;1;1;02;thm;;;USD;1;NCGT;;;NO
;EG114_WBR;01/11/2024;31/12/9999;45000;135000;;EG-114 Winter Base rate;1;1;02;thm;;;USD;1;NCGT;;;NO
;EG114_WBR;01/11/2024;31/12/9999;135000;300000;;EG-114 Winter Base rate;1;1;02;thm;;;USD;1;NCGT;;;NO
;EG114_WBR;01/11/2024;31/12/9999;300000;600000;;EG-114 Winter Base rate;1;1;02;thm;;;USD;1;NCGT;;;NO
;EG114_WBR;01/11/2024;31/12/9999;600000;9999999999;;EG-114 Winter Base rate;1;1;02;thm;;;USD;1;NCGT;;;NO
;EG114_WGCC;01/11/2024;31/12/9999;0;15000;;EG-114 Winter Gas Cost Commodity;1;1;02;thm;;;USD;1;NCGT;;;NO
;EG114_WGCC;01/11/2024;31/12/9999;15000;45000;;EG-114 Winter Gas Cost Commodity;1;1;02;thm;;;USD;1;NCGT;;;NO
;EG114_WGCC;01/11/2024;31/12/9999;45000;135000;;EG-114 Winter Gas Cost Commodity;1;1;02;thm;;;USD;1;NCGT;;;NO
;EG114_WGCC;01/11/2024;31/12/9999;135000;300000;;EG-114 Winter Gas Cost Commodity;1;1;02;thm;;;USD;1;NCGT;;;NO
;EG114_WGCC;01/11/2024;31/12/9999;300000;600000;;EG-114 Winter Gas Cost Commodity;1;1;02;thm;;;USD;1;NCGT;;;NO
;EG114_WGCC;01/11/2024;31/12/9999;600000;9999999999;;EG-114 Winter Gas Cost Commodity;1;1;02;thm;;;USD;1;NCGT;;;NO
;EG114_WGCD;01/11/2024;31/12/9999;0;15000;;EG-114 Winter Gas cost Demand;1;1;02;thm;;;USD;1;NCGT;;;NO
;EG114_WGCD;01/11/2024;31/12/9999;15000;45000;;EG-114 Winter Gas cost Demand;1;1;02;thm;;;USD;1;NCGT;;;NO
;EG114_WGCD;01/11/2024;31/12/9999;45000;135000;;EG-114 Winter Gas cost Demand;1;1;02;thm;;;USD;1;NCGT;;;NO
;EG114_WGCD;01/11/2024;31/12/9999;135000;300000;;EG-114 Winter Gas cost Demand;1;1;02;thm;;;USD;1;NCGT;;;NO
;EG114_WGCD;01/11/2024;31/12/9999;300000;600000;;EG-114 Winter Gas cost Demand;1;1;02;thm;;;USD;1;NCGT;;;NO
;EG114_WGCD;01/11/2024;31/12/9999;600000;9999999999;;EG-114 Winter Gas cost Demand;1;1;02;thm;;;USD;1;NCGT;;;NO
;EG114_WGDC;01/12/2024;31/12/9999;0;15000;;EG-114 Winter Gas distribution price.;1;1;02;thm;;;USD;1;NCGT;;;NO
;EG114_WGDC;01/12/2024;31/12/9999;15000;45000;;EG-114 Winter Gas distribution price.;1;1;02;thm;;;USD;1;NCGT;;;NO
;EG114_WGDC;01/12/2024;31/12/9999;45000;135000;;EG-114 Winter Gas distribution price.;1;1;02;thm;;;USD;1;NCGT;;;NO
;EG114_WGDC;01/12/2024;31/12/9999;135000;300000;;EG-114 Winter Gas distribution price.;1;1;02;thm;;;USD;1;NCGT;;;NO
;EG114_WGDC;01/12/2024;31/12/9999;300000;600000;;EG-114 Winter Gas distribution price.;1;1;02;thm;;;USD;1;NCGT;;;NO
;EG114_WGDC;01/12/2024;31/12/9999;600000;9999999999;;EG-114 Winter Gas distribution price.;1;1;02;thm;;;USD;1;NCGT;;;NO
;EG114_WIMA;01/12/2024;31/12/9999;0;15000;;EG-114 Winter Integrity Management Adjustment;1;1;02;thm;;;USD;1;NCGT;;;NO
;EG114_WIMA;01/12/2024;31/12/9999;15000;45000;;EG-114 Winter Integrity Management Adjustment;1;1;02;thm;;;USD;1;NCGT;;;NO
;EG114_WIMA;01/12/2024;31/12/9999;45000;135000;;EG-114 Winter Integrity Management Adjustment;1;1;02;thm;;;USD;1;NCGT;;;NO
;EG114_WIMA;01/12/2024;31/12/9999;135000;300000;;EG-114 Winter Integrity Management Adjustment;1;1;02;thm;;;USD;1;NCGT;;;NO
;EG114_WIMA;01/12/2024;31/12/9999;300000;600000;;EG-114 Winter Integrity Management Adjustment;1;1;02;thm;;;USD;1;NCGT;;;NO
;EG114_WIMA;01/12/2024;31/12/9999;600000;9999999999;;EG-114 Winter Integrity Management Adjustment;1;1;02;thm;;;USD;1;NCGT;;;NO
;EG144SGDID;01/06/2024;31/12/9999;0;5000;;EG-144 Summer Gas Cost Demand Increment/Decrement;1;1;02;thm;;;USD;1;NCGC;1;1;NO
;EG144SGDID;01/06/2024;31/12/9999;5000;9999999999;;EG-144 Summer Gas Cost Demand Increment/Decrement;1;1;02;thm;;;USD;1;NCGC;1;1;NO
;EG144SNCNG;01/11/2024;31/12/9999;0;5000;;EG-144 Summer Eastern NCNG Rider;1;1;02;thm;;;USD;1;NCGC;1;1;NO
;EG144SNCNG;01/11/2024;31/12/9999;5000;9999999999;;EG-144 Summer Eastern NCNG Rider;1;1;02;thm;;;USD;1;NCGC;1;1;NO
;EG144STR3Y;01/11/2022;31/12/9999;0;5000;;EG-144 Summer Tax Rider 3 year Amount;1;1;02;thm;;;USD;1;NCGC;1;1;NO
;EG144STR3Y;01/11/2022;31/12/9999;5000;9999999999;;EG-144 Summer Tax Rider 3 year Amount;1;1;02;thm;;;USD;1;NCGC;1;1;NO
;EG144STR5Y;01/11/2024;31/12/9999;0;5000;;EG-144 Summer Tax Rider 5 year Amount;1;1;02;thm;;;USD;1;NCGC;1;1;NO
;EG144STR5Y;01/11/2024;31/12/9999;5000;9999999999;;EG-144 Summer Tax Rider 5 year Amount;1;1;02;thm;;;USD;1;NCGC;1;1;NO
;EG144WGDID;01/06/2024;31/12/9999;0;5000;;EG-144 Winter Gas Cost Demand Increment/Decrement;1;1;02;thm;;;USD;1;NCGC;1;1;NO
;EG144WGDID;01/06/2024;31/12/9999;5000;9999999999;;EG-144 Winter Gas Cost Demand Increment/Decrement;1;1;02;thm;;;USD;1;NCGC;1;1;NO
;EG144WNCNG;01/11/2024;31/12/9999;0;5000;;EG-144 Winter Eastern NCNG Rider;1;1;02;thm;;;USD;1;NCGC;1;1;NO
;EG144WNCNG;01/11/2024;31/12/9999;5000;9999999999;;EG-144 Winter Eastern NCNG Rider;1;1;02;thm;;;USD;1;NCGC;1;1;NO
;EG144WTR3Y;01/11/2022;31/12/9999;0;5000;;EG-144 Winter Tax Rider 3 year Amount;1;1;02;thm;;;USD;1;NCGC;1;1;NO
;EG144WTR3Y;01/11/2022;31/12/9999;5000;9999999999;;EG-144 Winter Tax Rider 3 year Amount;1;1;02;thm;;;USD;1;NCGC;1;1;NO
;EG144WTR5Y;01/11/2024;31/12/9999;0;5000;;EG-144 Winter Tax Rider 5 year Amount;1;1;02;thm;;;USD;1;NCGC;1;1;NO
;EG144WTR5Y;01/11/2024;31/12/9999;5000;9999999999;;EG-144 Winter Tax Rider 5 year Amount;1;1;02;thm;;;USD;1;NCGC;1;1;NO
;EG144_SBR;01/11/2024;31/12/9999;0;5000;;EG-144 Summer Base Rate;1;1;02;thm;;;USD;1;NCGC;1;1;NO
;EG144_SBR;01/11/2024;31/12/9999;5000;9999999999;;EG-144 Summer Base Rate;1;1;02;thm;;;USD;1;NCGC;1;1;NO
;EG144_SGCC;01/11/2024;31/12/9999;0;5000;;EG-144 Summer Gas Cost Commodity;1;1;02;thm;;;USD;1;NCGC;1;1;NO
;EG144_SGCC;01/11/2024;31/12/9999;5000;9999999999;;EG-144 Summer Gas Cost Commodity;1;1;02;thm;;;USD;1;NCGC;1;1;NO
;EG144_SGCD;01/11/2024;31/12/9999;0;5000;;EG-144 Summer Gas Cost Demand;1;1;02;thm;;;USD;1;NCGC;1;1;NO
;EG144_SGCD;01/11/2024;31/12/9999;5000;9999999999;;EG-144 Summer Gas Cost Demand;1;1;02;thm;;;USD;1;NCGC;1;1;NO
;EG144_SGDC;01/12/2024;31/12/9999;0;5000;;EG-144 Summer Gas Distribution Price;1;1;02;thm;;;USD;1;NCGC;1;1;NO
;EG144_SGDC;01/12/2024;31/12/9999;5000;9999999999;;EG-144 Summer Gas Distribution Price;1;1;02;thm;;;USD;1;NCGC;1;1;NO
;EG144_SIMA;01/12/2024;31/12/9999;0;5000;;EG-144 Summer Integrity Management Adjustment;1;1;02;thm;;;USD;1;NCGC;1;1;NO
;EG144_SIMA;01/12/2024;31/12/9999;5000;9999999999;;EG-144 Summer Integrity Management Adjustment;1;1;02;thm;;;USD;1;NCGC;1;1;NO
;EG144_WBR;01/11/2024;31/12/9999;0;5000;;EG-144 Winter Base Rate;1;1;02;thm;;;USD;1;NCGC;1;1;NO
;EG144_WBR;01/11/2024;31/12/9999;5000;9999999999;;EG-144 Winter Base Rate;1;1;02;thm;;;USD;1;NCGC;1;1;NO
;EG144_WGCC;01/11/2024;31/12/9999;0;5000;;EG-144 Winter Gas Cost Commodity;1;1;02;thm;;;USD;1;NCGC;1;1;NO
;EG144_WGCC;01/11/2024;31/12/9999;5000;9999999999;;EG-144 Winter Gas Cost Commodity;1;1;02;thm;;;USD;1;NCGC;1;1;NO
;EG144_WGCD;01/11/2024;31/12/9999;0;5000;;EG-144 Winter Gas Cost Demand;1;1;02;thm;;;USD;1;NCGC;1;1;NO
;EG144_WGCD;01/11/2024;31/12/9999;5000;9999999999;;EG-144 Winter Gas Cost Demand;1;1;02;thm;;;USD;1;NCGC;1;1;NO
;EG144_WGDC;01/12/2024;31/12/9999;0;5000;;EG-144 Winter Gas Distribution Price;1;1;02;thm;;;USD;1;NCGC;1;1;NO
;EG144_WGDC;01/12/2024;31/12/9999;5000;9999999999;;EG-144 Winter Gas Distribution Price;1;1;02;thm;;;USD;1;NCGC;1;1;NO
;EG144_WIMA;01/12/2024;31/12/9999;0;5000;;EG-144 Winter Integrity Management Adjustment;1;1;02;thm;;;USD;1;NCGC;1;1;NO
;EG144_WIMA;01/12/2024;31/12/9999;5000;9999999999;;EG-144 Winter Integrity Management Adjustment;1;1;02;thm;;;USD;1;NCGC;1;1;NO
;EG152SGCID;01/11/2024;31/12/9999;0;5000;;EG-152 Summer Gas Cost Commodity Increment/Decreme;1;1;02;thm;;;USD;1;NCGC;1;1;NO
;EG152SGCID;01/11/2024;31/12/9999;5000;9999999999;;EG-152 Summer Gas Cost Commodity Increment/Decreme;1;1;02;thm;;;USD;1;NCGC;1;1;NO
;EG152SGDID;01/06/2024;31/12/9999;0;5000;;EG-152 Summer Gas Cost Demand Increment/Decrement;1;1;02;thm;;;USD;1;NCGC;1;1;NO
;EG152SGDID;01/06/2024;31/12/9999;5000;9999999999;;EG-152 Summer Gas Cost Demand Increment/Decrement;1;1;02;thm;;;USD;1;NCGC;1;1;NO
;EG152SNCNG;01/11/2024;31/12/9999;0;5000;;EG-152 Summer Eastern NCNG Rider;1;1;02;thm;;;USD;1;NCGC;1;1;NO
;EG152SNCNG;01/11/2024;31/12/9999;5000;9999999999;;EG-152 Summer Eastern NCNG Rider;1;1;02;thm;;;USD;1;NCGC;1;1;NO
;EG152STR3Y;01/11/2022;31/12/9999;0;5000;;EG-152 Summer Tax Rider 3 year Amount;1;1;02;thm;;;USD;1;NCGC;1;1;NO
;EG152STR3Y;01/11/2022;31/12/9999;5000;9999999999;;EG-152 Summer Tax Rider 3 year Amount;1;1;02;thm;;;USD;1;NCGC;1;1;NO
;EG152STR5Y;01/11/2024;31/12/9999;0;5000;;EG-152 Summer Tax Rider 5 year Amount;1;1;02;thm;;;USD;1;NCGC;1;1;NO
;EG152STR5Y;01/11/2024;31/12/9999;5000;9999999999;;EG-152 Summer Tax Rider 5 year Amount;1;1;02;thm;;;USD;1;NCGC;1;1;NO
;EG152WGCID;01/11/2024;31/12/9999;0;5000;;EG-152 Winter Gas Cost Commodity Increment/Decreme;1;1;02;thm;;;USD;1;NCGC;1;1;NO
;EG152WGCID;01/11/2024;31/12/9999;5000;9999999999;;EG-152 Winter Gas Cost Commodity Increment/Decreme;1;1;02;thm;;;USD;1;NCGC;1;1;NO
;EG152WGDID;01/06/2024;31/12/9999;0;5000;;EG-152 Winter Gas Cost Demand Increment/Decrement;1;1;02;thm;;;USD;1;NCGC;1;1;NO
;EG152WGDID;01/06/2024;31/12/9999;5000;9999999999;;EG-152 Winter Gas Cost Demand Increment/Decrement;1;1;02;thm;;;USD;1;NCGC;1;1;NO
;EG152WNCNG;01/11/2024;31/12/9999;0;5000;;EG-152 Winter Eastern NCNG Rider;1;1;02;thm;;;USD;1;NCGC;1;1;NO
;EG152WNCNG;01/11/2024;31/12/9999;5000;9999999999;;EG-152 Winter Eastern NCNG Rider;1;1;02;thm;;;USD;1;NCGC;1;1;NO
;EG152WTR3Y;01/11/2022;31/12/9999;0;5000;;EG-152 Winter Tax Rider 3 year Amount;1;1;02;thm;;;USD;1;NCGC;1;1;NO
;EG152WTR3Y;01/11/2022;31/12/9999;5000;9999999999;;EG-152 Winter Tax Rider 3 year Amount;1;1;02;thm;;;USD;1;NCGC;1;1;NO
;EG152WTR5Y;01/11/2024;31/12/9999;0;5000;;EG-152 Winter Tax Rider 5 year Amount;1;1;02;thm;;;USD;1;NCGC;1;1;NO
;EG152WTR5Y;01/11/2024;31/12/9999;5000;9999999999;;EG-152 Winter Tax Rider 5 year Amount;1;1;02;thm;;;USD;1;NCGC;1;1;NO
;EG152_SBR;01/11/2024;31/12/9999;0;5000;;EG-152 Summer Base Rate;1;1;02;thm;;;USD;1;NCGC;1;1;NO
;EG152_SBR;01/11/2024;31/12/9999;5000;9999999999;;EG-152 Summer Base Rate;1;1;02;thm;;;USD;1;NCGC;1;1;NO
;EG152_SEER;01/01/2025;31/12/9999;0;5000;;EG-152 Summer Energy Efficiency Rider;1;1;02;thm;;;USD;1;NCGC;1;1;NO
;EG152_SEER;01/01/2025;31/12/9999;5000;9999999999;;EG-152 Summer Energy Efficiency Rider;1;1;02;thm;;;USD;1;NCGC;1;1;NO
;EG152_SGCC;01/11/2024;31/12/9999;0;5000;;EG-152 Summer Gas Cost Commodity;1;1;02;thm;;;USD;1;NCGC;1;1;NO
;EG152_SGCC;01/11/2024;31/12/9999;5000;9999999999;;EG-152 Summer Gas Cost Commodity;1;1;02;thm;;;USD;1;NCGC;1;1;NO
;EG152_SGCD;01/11/2024;31/12/9999;0;5000;;EG-152 Summer Gas Cost Demand;1;1;02;thm;;;USD;1;NCGC;1;1;NO
;EG152_SGCD;01/11/2024;31/12/9999;5000;9999999999;;EG-152 Summer Gas Cost Demand;1;1;02;thm;;;USD;1;NCGC;1;1;NO
;EG152_SGDC;01/01/2025;31/12/9999;0;5000;;EG-152 Summer Gas Distribution Price;1;1;02;thm;;;USD;1;NCGC;1;1;NO
;EG152_SGDC;01/01/2025;31/12/9999;5000;9999999999;;EG-152 Summer Gas Distribution Price;1;1;02;thm;;;USD;1;NCGC;1;1;NO
;EG152_SIMA;01/12/2024;31/12/9999;0;5000;;EG-152 Summer Integrity Management Adjustment;1;1;02;thm;;;USD;1;NCGC;1;1;NO
;EG152_SIMA;01/12/2024;31/12/9999;5000;9999999999;;EG-152 Summer Integrity Management Adjustment;1;1;02;thm;;;USD;1;NCGC;1;1;NO
;EG152_SMDA;01/11/2024;31/12/9999;0;5000;;EG-152 Summer Margin Decoupling Adjustment;1;1;02;thm;;;USD;1;NCGC;1;1;NO
;EG152_SMDA;01/11/2024;31/12/9999;5000;9999999999;;EG-152 Summer Margin Decoupling Adjustment;1;1;02;thm;;;USD;1;NCGC;1;1;NO
;EG152_WBR;01/11/2024;31/12/9999;0;5000;;EG-152 Winter Base Rate;1;1;02;thm;;;USD;1;NCGC;1;1;NO
;EG152_WBR;01/11/2024;31/12/9999;5000;9999999999;;EG-152 Winter Base Rate;1;1;02;thm;;;USD;1;NCGC;1;1;NO
;EG152_WEER;01/01/2025;31/12/9999;0;5000;;EG-152 Winter Energy Efficiency Rider;1;1;02;thm;;;USD;1;NCGC;1;1;NO
;EG152_WEER;01/01/2025;31/12/9999;5000;9999999999;;EG-152 Winter Energy Efficiency Rider;1;1;02;thm;;;USD;1;NCGC;1;1;NO
;EG152_WGCC;01/11/2024;31/12/9999;0;5000;;EG-152 Winter Gas Cost Commodity;1;1;02;thm;;;USD;1;NCGC;1;1;NO
;EG152_WGCC;01/11/2024;31/12/9999;5000;9999999999;;EG-152 Winter Gas Cost Commodity;1;1;02;thm;;;USD;1;NCGC;1;1;NO
;EG152_WGCD;01/11/2024;31/12/9999;0;5000;;EG-152 Winter Gas Cost Demand;1;1;02;thm;;;USD;1;NCGC;1;1;NO
;EG152_WGCD;01/11/2024;31/12/9999;5000;9999999999;;EG-152 Winter Gas Cost Demand;1;1;02;thm;;;USD;1;NCGC;1;1;NO
;EG152_WGDC;01/01/2025;31/12/9999;0;5000;;EG-152 Winter Gas Distribution Price;1;1;02;thm;;;USD;1;NCGC;1;1;NO
;EG152_WGDC;01/01/2025;31/12/9999;5000;9999999999;;EG-152 Winter Gas Distribution Price;1;1;02;thm;;;USD;1;NCGC;1;1;NO
;EG152_WIMA;01/12/2024;31/12/9999;0;5000;;EG-152 Winter Integrity Management Adjustment;1;1;02;thm;;;USD;1;NCGC;1;1;NO
;EG152_WIMA;01/12/2024;31/12/9999;5000;9999999999;;EG-152 Winter Integrity Management Adjustment;1;1;02;thm;;;USD;1;NCGC;1;1;NO
;EG152_WMDA;01/11/2024;31/12/9999;0;5000;;EG-152 Winter Margin Decoupling Adjustment;1;1;02;thm;;;USD;1;NCGC;1;1;NO
;EG152_WMDA;01/11/2024;31/12/9999;5000;9999999999;;EG-152 Winter Margin Decoupling Adjustment;1;1;02;thm;;;USD;1;NCGC;1;1;NO
;EG675SGDID;01/06/2024;31/12/9999;;9999999999;;EG-675 Summer Gas Cost Demand Increment/Decreme;1;0;02;thm;;;USD;1;NCGT;;;NO
;EG675SNCNG;01/11/2024;31/12/9999;;9999999999;;EG-675 Summer Eastern NCNG Rider;1;0;02;thm;;;USD;1;NCGT;;;NO
;EG675STR3Y;01/11/2022;31/12/9999;;9999999999;;EG-675 Summer Tax Rider 3 year Amount;1;0;02;thm;;;USD;1;NCGT;;;NO
;EG675STR5Y;01/11/2024;31/12/9999;;9999999999;;EG-675 Summer Tax Rider 5 year Amount;1;0;02;thm;;;USD;1;NCGT;;;NO
;EG675WGDID;01/06/2024;31/12/9999;;9999999999;;EG-675 Winter Gas Cost Demand Increment/Decreme;1;0;02;thm;;;USD;1;NCGT;;;NO
;EG675WNCNG;01/11/2024;31/12/9999;;9999999999;;EG-675 Winter Eastern NCNG Rider;1;0;02;thm;;;USD;1;NCGT;;;NO
;EG675WTR3Y;01/11/2022;31/12/9999;;9999999999;;EG-675 Winter Tax Rider 3 year Amount;1;0;02;thm;;;USD;1;NCGT;;;NO
;EG675WTR5Y;01/11/2024;31/12/9999;;9999999999;;EG-675 Winter Tax Rider 5 year Amount;1;0;02;thm;;;USD;1;NCGT;;;NO
;EG675_DGCD;01/11/2024;31/12/9999;;9999999999;;EG-675 Demand - Gas Cost Demand Charge;1;0;02;thm;;;USD;1;NCGT;;;NO
;EG675_GCDC;01/06/2024;31/12/9999;;9999999999;;EG-103 Gas Cost Demand Charge Increment/Decrement;1;0;02;thm;;;USD;1;NCGT;;;NO
;EG675_GDDC;01/11/2024;31/12/9999;;9999999999;;EG-675 Gas distribution Demand Charge;1;0;02;thm;;;USD;1;NCGT;;;NO
;EG675_SBR;01/11/2021;31/12/9999;;9999999999;;EG-675 Summer Base Rate;1;0;02;thm;;;USD;1;NCGT;;;NO
;EG675_SGCC;01/11/2024;31/12/9999;;9999999999;;EG-675 Summer Gas Cost Commodity;1;0;02;thm;;;USD;1;NCGT;;;NO
;EG675_SGCD;01/11/2024;31/12/9999;;9999999999;;EG-675 Summer Gas Cost Demand;1;0;02;thm;;;USD;1;NCGT;;;NO
;EG675_SGDC;01/11/2024;31/12/9999;;9999999999;;EG-675 Summer Gas distribution price;1;0;02;thm;;;USD;1;NCGT;;;NO
;EG675_SIMA;01/11/2024;31/12/9999;;9999999999;;EG-675 Summer Integrity Management Adjustment;1;0;02;thm;;;USD;1;NCGT;;;NO
;EG675_WBR;01/11/2021;31/12/9999;;9999999999;;EG-675 Winter Base Rate;1;0;02;thm;;;USD;1;NCGT;;;NO
;EG675_WGCC;01/11/2024;31/12/9999;;9999999999;;EG-675 Winter Gas Cost Commodity;1;0;02;thm;;;USD;1;NCGT;;;NO
;EG675_WGCD;01/11/2024;31/12/9999;;9999999999;;EG-675 Winter Gas Cost Demand;1;0;02;thm;;;USD;1;NCGT;;;NO
;EG675_WGDC;01/11/2024;31/12/9999;;9999999999;;EG-675 Winter Gas distribution price;1;0;02;thm;;;USD;1;NCGT;;;NO
;EG675_WIMA;01/11/2024;31/12/9999;;9999999999;;EG-675 Winter Integrity Management Adjustment;1;0;02;thm;;;USD;1;NCGT;;;NO
;EG675SPIM;;31/12/9999;0;9999999999;;EG-675 Summer PIM Rider;1;0;02;thm;;;USD;1;NCGT;;;NO
;EG675WPIM;;31/12/9999;0;9999999999;;EG-675 Winter PIM Rider;1;0;02;thm;;;USD;1;NCGT;;;NO
;EG101SPIM;;31/12/9999;0;9999999999;0,000000;EG-101 Summer PIM Rider;1;0;02;thm;;;USD;1;NCGR;;;NO
;EG101WPIM;;31/12/9999;0;9999999999;0,000000;EG-101 Winter PIM Rider;1;0;02;thm;;;USD;1;NCGR;;;NO
;EG102SPIM;;31/12/9999;0;9999999999;0,000000;EG-102 Summer PIM Rider;1;0;02;thm;;;USD;1;NCGC;;;NO
;EG102WPIM;;31/12/9999;0;9999999999;0,000000;EG-102 Winter PIM Rider;1;0;02;thm;;;USD;1;NCGC;;;NO
;EG103SPIM;;31/12/9999;0;15000;0,000000;EG-103 Summer PIM Rider;1;1;02;thm;;;USD;1;NCGT;;;NO
;EG103SPIM;;31/12/9999;15000;45000;0,000000;EG-103 Summer PIM Rider;1;1;02;thm;;;USD;1;NCGT;;;NO
;EG103SPIM;;31/12/9999;45000;135000;0,000000;EG-103 Summer PIM Rider;1;1;02;thm;;;USD;1;NCGT;;;NO
;EG103SPIM;;31/12/9999;135000;300000;0,000000;EG-103 Summer PIM Rider;1;1;02;thm;;;USD;1;NCGT;;;NO
;EG103SPIM;;31/12/9999;300000;600000;0,000000;EG-103 Summer PIM Rider;1;1;02;thm;;;USD;1;NCGT;;;NO
;EG103SPIM;;31/12/9999;600000;9999999999;0,000000;EG-103 Summer PIM Rider;1;1;02;thm;;;USD;1;NCGT;;;NO
;EG103WPIM;;31/12/9999;0;15000;0,000000;EG-103 Winter PIM Rider;1;1;02;thm;;;USD;1;NCGT;;;NO
;EG103WPIM;;31/12/9999;15000;45000;0,000000;EG-103 Winter PIM Rider;1;1;02;thm;;;USD;1;NCGT;;;NO
;EG103WPIM;;31/12/9999;45000;135000;0,000000;EG-103 Winter PIM Rider;1;1;02;thm;;;USD;1;NCGT;;;NO
;EG103WPIM;;31/12/9999;135000;300000;0,000000;EG-103 Winter PIM Rider;1;1;02;thm;;;USD;1;NCGT;;;NO
;EG103WPIM;;31/12/9999;300000;600000;0,000000;EG-103 Winter PIM Rider;1;1;02;thm;;;USD;1;NCGT;;;NO
;EG103WPIM;;31/12/9999;600000;9999999999;0,000000;EG-103 Winter PIM Rider;1;1;02;thm;;;USD;1;NCGT;;;NO
;EG104SPIM;;31/12/9999;0;15000;0,000000;EG-104 Summer PIM Rider;1;1;02;thm;;;USD;1;NCGT;;;NO
;EG104SPIM;;31/12/9999;15000;45000;0,000000;EG-104 Summer PIM Rider;1;1;02;thm;;;USD;1;NCGT;;;NO
;EG104SPIM;;31/12/9999;45000;135000;0,000000;EG-104 Summer PIM Rider;1;1;02;thm;;;USD;1;NCGT;;;NO
;EG104SPIM;;31/12/9999;135000;300000;0,000000;EG-104 Summer PIM Rider;1;1;02;thm;;;USD;1;NCGT;;;NO
;EG104SPIM;;31/12/9999;300000;600000;0,000000;EG-104 Summer PIM Rider;1;1;02;thm;;;USD;1;NCGT;;;NO
;EG104SPIM;;31/12/9999;600000;9999999999;0,000000;EG-104 Summer PIM Rider;1;1;02;thm;;;USD;1;NCGT;;;NO
;EG104WPIM;;31/12/9999;0;15000;0,000000;EG-104 Winter PIM Rider;1;1;02;thm;;;USD;1;NCGT;;;NO
;EG104WPIM;;31/12/9999;15000;45000;0,000000;EG-104 Winter PIM Rider;1;1;02;thm;;;USD;1;NCGT;;;NO
;EG104WPIM;;31/12/9999;45000;135000;0,000000;EG-104 Winter PIM Rider;1;1;02;thm;;;USD;1;NCGT;;;NO
;EG104WPIM;;31/12/9999;135000;300000;0,000000;EG-104 Winter PIM Rider;1;1;02;thm;;;USD;1;NCGT;;;NO
;EG104WPIM;;31/12/9999;300000;600000;0,000000;EG-104 Winter PIM Rider;1;1;02;thm;;;USD;1;NCGT;;;NO
;EG104WPIM;;31/12/9999;600000;9999999999;0,000000;EG-104 Winter PIM Rider;1;1;02;thm;;;USD;1;NCGT;;;NO
;EG113SPIM;;31/12/9999;0;15000;0,000000;EG-113 Summer PIM Rider;1;1;02;thm;;;USD;1;NCGT;;;NO
;EG113SPIM;;31/12/9999;15000;45000;0,000000;EG-113 Summer PIM Rider;1;1;02;thm;;;USD;1;NCGT;;;NO
;EG113SPIM;;31/12/9999;45000;135000;0,000000;EG-113 Summer PIM Rider;1;1;02;thm;;;USD;1;NCGT;;;NO
;EG113SPIM;;31/12/9999;135000;300000;0,000000;EG-113 Summer PIM Rider;1;1;02;thm;;;USD;1;NCGT;;;NO
;EG113SPIM;;31/12/9999;300000;600000;0,000000;EG-113 Summer PIM Rider;1;1;02;thm;;;USD;1;NCGT;;;NO
;EG113SPIM;;31/12/9999;600000;9999999999;0,000000;EG-113 Summer PIM Rider;1;1;02;thm;;;USD;1;NCGT;;;NO
;EG113WPIM;;31/12/9999;0;15000;0,000000;EG-113 Winter PIM Rider;1;1;02;thm;;;USD;1;NCGT;;;NO
;EG113WPIM;;31/12/9999;15000;45000;0,000000;EG-113 Winter PIM Rider;1;1;02;thm;;;USD;1;NCGT;;;NO
;EG113WPIM;;31/12/9999;45000;135000;0,000000;EG-113 Winter PIM Rider;1;1;02;thm;;;USD;1;NCGT;;;NO
;EG113WPIM;;31/12/9999;135000;300000;0,000000;EG-113 Winter PIM Rider;1;1;02;thm;;;USD;1;NCGT;;;NO
;EG113WPIM;;31/12/9999;300000;600000;0,000000;EG-113 Winter PIM Rider;1;1;02;thm;;;USD;1;NCGT;;;NO
;EG113WPIM;;31/12/9999;600000;9999999999;0,000000;EG-113 Winter PIM Rider;1;1;02;thm;;;USD;1;NCGT;;;NO
;EG114SPIM;;31/12/9999;0;15000;0,000000;EG-114 Summer PIM Rider;1;1;02;thm;;;USD;1;NCGT;;;NO
;EG114SPIM;;31/12/9999;15000;45000;0,000000;EG-114 Summer PIM Rider;1;1;02;thm;;;USD;1;NCGT;;;NO
;EG114SPIM;;31/12/9999;45000;135000;0,000000;EG-114 Summer PIM Rider;1;1;02;thm;;;USD;1;NCGT;;;NO
;EG114SPIM;;31/12/9999;135000;300000;0,000000;EG-114 Summer PIM Rider;1;1;02;thm;;;USD;1;NCGT;;;NO
;EG114SPIM;;31/12/9999;300000;600000;0,000000;EG-114 Summer PIM Rider;1;1;02;thm;;;USD;1;NCGT;;;NO
;EG114SPIM;;31/12/9999;600000;9999999999;0,000000;EG-114 Summer PIM Rider;1;1;02;thm;;;USD;1;NCGT;;;NO
;EG114WPIM;;31/12/9999;0;15000;0,000000;EG-114 Winter PIM Rider;1;1;02;thm;;;USD;1;NCGT;;;NO
;EG114WPIM;;31/12/9999;15000;45000;0,000000;EG-114 Winter PIM Rider;1;1;02;thm;;;USD;1;NCGT;;;NO
;EG114WPIM;;31/12/9999;45000;135000;0,000000;EG-114 Winter PIM Rider;1;1;02;thm;;;USD;1;NCGT;;;NO
;EG114WPIM;;31/12/9999;135000;300000;0,000000;EG-114 Winter PIM Rider;1;1;02;thm;;;USD;1;NCGT;;;NO
;EG114WPIM;;31/12/9999;300000;600000;0,000000;EG-114 Winter PIM Rider;1;1;02;thm;;;USD;1;NCGT;;;NO
;EG114WPIM;;31/12/9999;600000;9999999999;0,000000;EG-114 Winter PIM Rider;1;1;02;thm;;;USD;1;NCGT;;;NO
;EG144SPIM;;31/12/9999;0;5000;0,000000;EG-144 Summer PIM Rider;1;1;02;thm;;;USD;1;NCGC;1;1;NO
;EG144SPIM;;31/12/9999;5000;9999999999;0,000000;EG-144 Summer PIM Rider;1;1;02;thm;;;USD;1;NCGC;1;1;NO
;EG144WPIM;;31/12/9999;0;5000;0,000000;EG-144 Winter PIM Rider;1;1;02;thm;;;USD;1;NCGC;1;1;NO
;EG144WPIM;;31/12/9999;5000;9999999999;0,000000;EG-144 Winter PIM Rider;1;1;02;thm;;;USD;1;NCGC;1;1;NO
;EG152SPIM;;31/12/9999;0;5000;0,000000;EG-152 Summer PIM Rider;1;1;02;thm;;;USD;1;NCGC;1;1;NO
;EG152SPIM;;31/12/9999;5000;9999999999;0,000000;EG-152 Summer PIM Rider;1;1;02;thm;;;USD;1;NCGC;1;1;NO
;EG152WPIM;;31/12/9999;0;5000;0,000000;EG-152 Winter PIM Rider;1;1;02;thm;;;USD;1;NCGC;1;1;NO
;EG152WPIM;;31/12/9999;5000;9999999999;0,000000;EG-152 Winter PIM Rider;1;1;02;thm;;;USD;1;NCGC;1;1;NO
;EG675SPIM;;31/12/9999;0;9999999999;0,00155;EG-675 Summer PIM Rider;1;0;02;thm;;;USD;1;NCGT;;;NO
;EG675WPIM;;31/12/9999;0;9999999999;0,00155;EG-675 Winter PIM Rider;1;0;02;thm;;;USD;1;NCGT;;;NO
;EG113_DGCD;;31/12/9999;0;9999999999;;EG-113 Gas Cost Demand Charge;1;0;02;thm;;;USD;1;NCGT;;;NO
;EG113_GDDC;;31/12/9999;0;9999999999;;EG-113 Gas distribution Demand Charge;1;0;02;thm;;;USD;1;NCGT;;;NO